issue,date,front01,front02,front03,front04,front05,back01,back02
07001,2007-01-01,14,16,22,25,27,2,10
07002,2007-01-03,1,24,28,29,30,11,12
07003,2007-01-05,6,14,20,21,32,2,4
07004,2007-01-07,8,21,30,31,33,2,3
07005,2007-01-10,4,11,16,23,33,9,10
07006,2007-01-12,19,21,27,28,29,5,11
07007,2007-01-14,7,13,17,29,33,10,11
07008,2007-01-17,9,11,18,31,35,2,11
07009,2007-01-19,4,5,12,34,35,2,6
07010,2007-01-21,3,16,24,33,35,5,9
07011,2007-01-24,4,11,14,24,25,6,8
07012,2007-01-26,6,7,9,27,32,5,8
07013,2007-01-28,6,14,22,27,29,2,7
07014,2007-01-30,1,2,6,8,31,3,12
07015,2007-02-02,18,25,28,31,34,6,12
07016,2007-02-04,2,10,24,31,32,1,3
07017,2007-02-06,4,12,24,32,33,2,8
07018,2007-02-09,7,12,15,25,32,8,10
07019,2007-02-11,13,16,22,30,32,1,12
07020,2007-02-13,7,25,26,30,32,4,7
07021,2007-02-16,1,8,16,17,29,3,12
07022,2007-02-18,15,23,28,29,31,5,10
07023,2007-02-20,7,9,18,23,33,3,9
07024,2007-02-22,7,10,25,27,32,7,9
07025,2007-02-25,5,9,12,22,24,3,10
07026,2007-02-27,1,3,7,19,27,6,11
07027,2007-03-01,10,12,13,16,29,1,11
07028,2007-03-04,2,4,12,14,19,4,7
07029,2007-03-06,15,24,26,34,35,1,9
07030,2007-03-08,7,8,17,22,25,5,10
07031,2007-03-11,3,8,15,19,35,3,4
07032,2007-03-13,12,13,14,18,24,3,7
07033,2007-03-15,4,13,16,24,26,3,8
07034,2007-03-17,1,6,30,31,32,4,10
07035,2007-03-20,9,19,22,23,30,5,6
07036,2007-03-22,12,16,17,26,34,5,7
07037,2007-03-24,1,7,17,20,31,4,10
07038,2007-03-27,14,17,18,20,25,8,9
07039,2007-03-29,8,17,22,25,27,6,7
07040,2007-03-31,10,12,16,18,22,7,11
07041,2007-04-03,2,9,11,20,29,7,10
07042,2007-04-05,3,5,7,24,34,3,11
07043,2007-04-07,2,5,16,20,24,8,11
07044,2007-04-09,2,16,20,23,28,1,12
07045,2007-04-12,11,22,24,28,29,10,11
07046,2007-04-14,2,7,13,27,32,6,7
07047,2007-04-16,3,16,29,30,34,4,9
07048,2007-04-19,7,10,17,24,32,4,8
07049,2007-04-21,4,13,23,27,33,1,10
07050,2007-04-23,1,9,10,22,24,3,4
07051,2007-04-26,6,14,30,33,34,5,6
07052,2007-04-28,8,12,20,26,32,2,9
07053,2007-04-30,9,10,11,15,29,2,6
07054,2007-05-02,3,9,10,11,14,5,10
07055,2007-05-05,1,8,26,27,32,3,5
07056,2007-05-07,1,17,19,23,29,5,12
07057,2007-05-09,2,9,12,31,33,1,8
07058,2007-05-12,7,10,14,20,25,3,6
07059,2007-05-14,4,6,24,31,35,1,6
07060,2007-05-16,1,11,12,13,34,5,7
07061,2007-05-19,2,4,10,18,32,6,11
07062,2007-05-21,13,14,18,24,31,3,5
07063,2007-05-23,2,13,22,28,33,1,12
07064,2007-05-25,2,5,8,10,32,6,12
07065,2007-05-28,11,12,15,16,18,3,11
07066,2007-05-30,3,15,27,32,33,3,4
07067,2007-06-01,15,20,30,31,34,3,8
07068,2007-06-04,1,13,18,25,34,5,10
07069,2007-06-06,1,13,17,18,33,6,11
07070,2007-06-08,7,28,30,34,35,11,12
07071,2007-06-11,8,10,14,18,32,5,12
07072,2007-06-13,10,25,29,30,31,2,6
07073,2007-06-15,5,10,12,16,23,2,7
07074,2007-06-17,11,16,21,30,32,5,9
07075,2007-06-20,2,5,7,9,15,2,3
07076,2007-06-22,2,4,6,9,28,3,5
07077,2007-06-24,1,8,16,18,29,4,11
07078,2007-06-27,1,5,16,26,35,2,12
07079,2007-06-29,7,9,14,19,21,8,12
07080,2007-07-01,1,8,12,14,21,2,6
07081,2007-07-04,1,12,23,27,31,8,11
07082,2007-07-06,2,5,6,16,29,1,12
07083,2007-07-08,6,10,27,29,33,1,10
07084,2007-07-10,4,12,18,24,34,2,10
07085,2007-07-13,3,5,6,11,34,3,8
07086,2007-07-15,20,21,22,23,34,2,4
07087,2007-07-17,1,6,13,34,35,2,5
07088,2007-07-20,15,16,20,29,31,2,10
07089,2007-07-22,3,11,19,31,34,6,12
07090,2007-07-24,6,16,24,25,33,2,5
07091,2007-07-27,4,7,12,29,31,7,11
07092,2007-07-29,5,15,27,30,34,1,8
07093,2007-07-31,6,20,23,28,33,3,9
07094,2007-08-02,6,8,14,21,28,5,7
07095,2007-08-05,7,11,21,22,28,2,8
07096,2007-08-07,3,5,13,24,31,2,11
07097,2007-08-09,5,8,10,18,21,5,12
07098,2007-08-12,20,26,31,34,35,4,5
07099,2007-08-14,3,21,30,31,34,3,5
07100,2007-08-16,1,4,11,19,30,1,2
07101,2007-08-19,7,12,13,14,23,5,11
07102,2007-08-21,12,13,14,24,31,4,5
07103,2007-08-23,2,15,21,31,32,7,11
07104,2007-08-25,8,12,19,21,29,2,7
07105,2007-08-28,2,8,15,30,33,2,4
07106,2007-08-30,7,9,24,25,31,1,2
07107,2007-09-01,4,6,20,31,35,2,4
07108,2007-09-04,4,8,23,31,32,5,12
07109,2007-09-06,5,6,7,24,28,2,12
07110,2007-09-08,1,7,19,22,30,7,8
07111,2007-09-11,2,9,24,25,34,1,9
07112,2007-09-13,9,23,26,30,34,5,10
07113,2007-09-15,7,8,9,12,13,8,9
07114,2007-09-17,2,5,9,20,21,10,11
07115,2007-09-20,2,6,19,24,31,4,10
07116,2007-09-22,2,6,16,19,27,1,5
07117,2007-09-24,4,6,15,18,27,5,10
07118,2007-09-27,1,10,20,21,22,4,8
07119,2007-09-29,5,9,11,14,19,3,8
07120,2007-10-01,5,24,32,33,34,7,12
07121,2007-10-04,4,10,12,19,28,1,11
07122,2007-10-06,5,25,27,33,35,7,12
07123,2007-10-08,10,11,13,19,23,2,3
07124,2007-10-10,1,2,9,19,32,11,12
07125,2007-10-13,4,11,14,29,33,4,7
07126,2007-10-15,10,16,18,19,31,7,8
07127,2007-10-17,10,12,22,29,35,1,4
07128,2007-10-20,2,21,22,27,28,2,11
07129,2007-10-22,4,6,20,29,35,7,12
07130,2007-10-24,1,5,14,22,29,3,10
07131,2007-10-27,1,8,17,22,25,1,10
07132,2007-10-29,8,14,17,21,33,6,8
07133,2007-10-31,6,9,19,22,23,3,5
07134,2007-11-02,3,4,6,7,27,5,11
07135,2007-11-05,7,11,16,23,35,2,9
07136,2007-11-07,4,10,24,27,28,10,11
07137,2007-11-09,10,12,19,25,31,2,10
07138,2007-11-12,1,5,17,30,31,2,6
07139,2007-11-14,1,8,22,23,33,5,8
07140,2007-11-16,3,8,11,12,13,3,5
07141,2007-11-19,1,12,13,22,33,3,11
07142,2007-11-21,8,13,14,20,24,3,7
07143,2007-11-23,1,2,20,24,29,2,11
07144,2007-11-25,18,22,26,27,32,10,11
07145,2007-11-28,11,12,17,21,29,1,6
07146,2007-11-30,9,14,25,30,31,2,6
07147,2007-12-02,14,16,20,22,26,2,3
07148,2007-12-05,7,12,26,31,32,4,10
07149,2007-12-07,1,3,5,26,30,6,11
07150,2007-12-09,1,6,20,22,24,6,8
08001,2007-12-12,12,21,24,33,35,5,12
08002,2007-12-14,1,9,16,26,30,2,10
08003,2007-12-16,15,24,28,30,32,9,12
08004,2007-12-18,11,16,21,26,31,6,8
08005,2007-12-21,12,15,22,23,32,1,8
08006,2007-12-23,12,23,29,31,35,1,2
08007,2007-12-25,4,5,16,27,35,6,10
08008,2007-12-28,6,24,25,28,31,8,10
08009,2007-12-30,9,11,17,21,35,10,12
08010,2008-01-01,5,8,11,26,34,3,4
08011,2008-01-04,3,6,12,19,27,6,8
08012,2008-01-06,14,20,30,34,35,5,9
08013,2008-01-08,6,9,18,29,32,8,11
08014,2008-01-10,1,9,15,30,32,8,10
08015,2008-01-13,13,15,19,34,35,4,9
08016,2008-01-15,3,13,19,30,34,4,5
08017,2008-01-17,3,22,26,28,33,7,12
08018,2008-01-20,9,19,22,31,32,1,5
08019,2008-01-22,1,3,6,20,23,7,11
08020,2008-01-24,11,15,17,22,32,2,3
08021,2008-01-27,6,17,21,27,28,9,11
08022,2008-01-29,3,5,13,18,20,5,10
08023,2008-01-31,6,7,8,9,25,1,3
08024,2008-02-02,3,10,19,22,29,2,3
08025,2008-02-05,11,14,17,20,28,4,10
08026,2008-02-07,1,10,12,28,31,4,11
08027,2008-02-09,3,5,8,9,33,4,5
08028,2008-02-12,3,17,18,24,34,2,8
08029,2008-02-14,9,11,20,29,32,2,7
08030,2008-02-16,1,5,15,19,28,2,3
08031,2008-02-19,14,17,19,29,32,9,10
08032,2008-02-21,9,14,30,32,33,1,6
08033,2008-02-23,12,20,22,29,32,7,9
08034,2008-02-25,7,8,13,14,34,6,8
08035,2008-02-28,2,3,17,29,35,2,10
08036,2008-03-01,12,15,17,20,32,6,8
08037,2008-03-03,6,7,14,19,31,1,10
08038,2008-03-06,14,27,31,32,34,1,8
08039,2008-03-08,6,8,13,34,35,6,10
08040,2008-03-10,1,8,19,21,32,2,3
08041,2008-03-13,11,15,28,29,33,4,9
08042,2008-03-15,1,9,18,19,23,7,11
08043,2008-03-17,3,4,6,13,29,8,9
08044,2008-03-19,3,5,19,20,31,3,4
08045,2008-03-22,8,20,22,23,27,1,10
08046,2008-03-24,4,7,12,20,34,2,3
08047,2008-03-26,4,6,10,13,16,2,6
08048,2008-03-29,10,11,17,21,28,3,7
08049,2008-03-31,6,20,22,30,33,4,8
08050,2008-04-02,10,11,28,31,32,9,11
08051,2008-04-05,4,8,18,19,34,2,10
08052,2008-04-07,1,6,13,29,34,1,5
08053,2008-04-09,1,4,13,16,35,6,11
08054,2008-04-11,5,9,18,24,28,3,9
08055,2008-04-14,6,12,15,27,33,3,10
08056,2008-04-16,1,13,27,32,34,1,2
08057,2008-04-18,4,20,25,27,32,7,11
08058,2008-04-21,10,13,25,29,35,3,8
08059,2008-04-23,16,18,23,26,27,1,2
08060,2008-04-25,5,6,15,17,34,2,4
08061,2008-04-28,9,12,22,23,24,9,12
08062,2008-04-30,1,4,20,24,32,2,12
08063,2008-05-02,4,15,24,28,34,7,11
08064,2008-05-04,16,18,20,28,35,3,12
08065,2008-05-07,6,8,18,21,22,6,12
08066,2008-05-09,8,16,18,20,34,8,11
08067,2008-05-11,3,11,27,31,32,5,9
08068,2008-05-14,1,6,23,30,34,3,12
08069,2008-05-16,9,18,21,29,31,1,6
08070,2008-05-18,12,14,16,17,19,3,10
08071,2008-05-21,8,9,10,12,27,4,9
08072,2008-05-23,16,25,26,29,31,3,8
08073,2008-05-25,6,8,17,22,28,3,8
08074,2008-05-27,3,9,17,18,22,5,8
08075,2008-05-30,4,6,7,12,21,3,6
08076,2008-06-01,4,7,17,27,33,3,8
08077,2008-06-03,1,2,12,29,32,4,10
08078,2008-06-06,5,8,19,24,26,1,5
08079,2008-06-08,1,2,7,13,23,1,7
08080,2008-06-10,5,7,19,24,27,5,8
08081,2008-06-13,3,4,16,21,34,5,7
08082,2008-06-15,4,6,8,14,29,7,9
08083,2008-06-17,3,8,26,28,32,2,6
08084,2008-06-19,5,6,13,18,22,3,9
08085,2008-06-22,3,13,26,32,35,6,8
08086,2008-06-24,4,14,15,31,35,10,11
08087,2008-06-26,1,4,7,12,26,1,12
08088,2008-06-29,12,13,14,19,28,1,10
08089,2008-07-01,18,24,26,29,35,4,5
08090,2008-07-03,2,13,16,25,26,1,9
08091,2008-07-06,2,3,4,23,33,6,9
08092,2008-07-08,19,21,22,29,31,4,10
08093,2008-07-10,2,8,15,21,33,5,8
08094,2008-07-12,1,5,15,24,33,8,12
08095,2008-07-15,8,13,21,29,32,7,12
08096,2008-07-17,7,8,14,16,33,1,2
08097,2008-07-19,2,4,5,10,32,7,10
08098,2008-07-22,6,10,11,32,33,2,8
08099,2008-07-24,4,13,22,30,35,9,12
08100,2008-07-26,2,9,12,14,15,1,7
08101,2008-07-29,3,14,15,24,33,4,7
08102,2008-07-31,2,3,21,24,30,3,12
08103,2008-08-02,11,12,15,21,24,8,11
08104,2008-08-04,12,22,30,33,35,3,9
08105,2008-08-07,2,10,29,30,31,4,8
08106,2008-08-09,7,14,15,33,35,5,11
08107,2008-08-11,5,25,26,27,32,4,11
08108,2008-08-14,5,21,27,28,32,1,3
08109,2008-08-16,8,13,15,16,22,4,10
08110,2008-08-18,3,17,20,28,29,5,11
08111,2008-08-21,2,8,12,32,34,7,8
08112,2008-08-23,2,5,8,20,21,7,8
08113,2008-08-25,1,5,11,25,28,3,12
08114,2008-08-27,1,12,16,22,32,7,12
08115,2008-08-30,5,12,19,21,28,6,11
08116,2008-09-01,4,9,16,17,34,2,11
08117,2008-09-03,3,12,14,31,35,5,8
08118,2008-09-06,5,17,19,21,24,4,11
08119,2008-09-08,5,6,8,12,29,7,8
08120,2008-09-10,9,12,14,25,31,4,8
08121,2008-09-13,3,4,9,17,27,5,7
08122,2008-09-15,4,8,9,19,21,3,9
08123,2008-09-17,6,8,12,14,16,9,10
08124,2008-09-19,18,20,23,34,35,4,9
08125,2008-09-22,2,15,17,20,33,3,9
08126,2008-09-24,3,14,27,30,31,3,12
08127,2008-09-26,5,9,12,26,35,2,5
08128,2008-09-29,2,8,17,32,34,2,11
08129,2008-10-01,5,6,26,33,35,4,6
08130,2008-10-03,2,3,10,17,32,6,7
08131,2008-10-06,1,8,13,26,33,9,11
08132,2008-10-08,19,23,28,30,31,2,9
08133,2008-10-10,15,19,20,29,35,1,12
08134,2008-10-12,2,14,20,21,34,2,11
08135,2008-10-15,2,20,21,30,35,6,10
08136,2008-10-17,1,5,9,17,18,2,6
08137,2008-10-19,9,14,21,24,32,3,4
08138,2008-10-22,6,23,25,31,33,7,12
08139,2008-10-24,1,6,24,26,27,7,8
08140,2008-10-26,2,20,23,30,32,7,11
08141,2008-10-29,3,15,16,25,28,1,5
08142,2008-10-31,1,10,20,28,29,3,7
08143,2008-11-02,4,6,17,21,34,3,11
08144,2008-11-04,3,5,19,22,25,2,6
08145,2008-11-07,15,16,26,29,34,3,11
08146,2008-11-09,2,3,7,8,19,7,11
08147,2008-11-11,3,10,11,25,32,4,8
08148,2008-11-14,3,11,30,31,34,1,11
08149,2008-11-16,4,10,24,29,34,4,11
08150,2008-11-18,9,11,14,16,31,5,6
09001,2008-11-21,9,23,24,25,34,7,9
09002,2008-11-23,7,21,22,30,33,7,12
09003,2008-11-25,14,16,21,25,30,7,8
09004,2008-11-27,5,7,17,25,26,2,5
09005,2008-11-30,2,9,16,17,26,3,12
09006,2008-12-02,3,8,15,18,26,3,12
09007,2008-12-04,9,19,22,26,34,7,12
09008,2008-12-07,2,5,14,17,28,1,9
09009,2008-12-09,14,15,28,29,31,6,12
09010,2008-12-11,1,8,14,18,27,1,6
09011,2008-12-14,1,3,18,19,21,3,4
09012,2008-12-16,12,14,15,28,30,2,11
09013,2008-12-18,9,13,19,24,34,3,5
09014,2008-12-20,6,10,17,24,35,9,10
09015,2008-12-23,6,7,9,16,31,4,9
09016,2008-12-25,12,14,15,20,31,1,8
09017,2008-12-27,9,10,12,18,32,1,7
09018,2008-12-30,4,9,11,19,27,4,5
09019,2009-01-01,5,14,16,17,34,6,11
09020,2009-01-03,19,26,28,31,35,3,9
09021,2009-01-06,1,15,20,24,27,7,9
09022,2009-01-08,1,4,10,13,33,3,8
09023,2009-01-10,7,10,22,23,30,1,6
09024,2009-01-12,11,13,14,24,34,8,11
09025,2009-01-15,3,11,19,20,23,5,7
09026,2009-01-17,3,9,26,29,32,7,10
09027,2009-01-19,7,10,11,28,31,3,6
09028,2009-01-22,3,6,9,19,27,3,9
09029,2009-01-24,8,18,23,25,26,4,7
09030,2009-01-26,1,3,18,20,21,6,10
09031,2009-01-29,15,23,25,31,33,10,12
09032,2009-01-31,1,12,14,26,27,5,9
09033,2009-02-02,3,5,23,28,34,2,5
09034,2009-02-04,3,5,9,10,24,1,10
09035,2009-02-07,10,11,23,31,35,5,7
09036,2009-02-09,5,20,28,29,34,6,9
09037,2009-02-11,12,14,17,24,34,8,12
09038,2009-02-14,10,11,14,30,34,5,10
09039,2009-02-16,8,25,26,29,31,4,6
09040,2009-02-18,9,10,19,29,32,4,9
09041,2009-02-21,3,15,19,22,24,6,9
09042,2009-02-23,10,12,18,19,35,5,10
09043,2009-02-25,7,18,22,23,33,1,6
09044,2009-02-27,3,16,27,29,30,1,8
09045,2009-03-02,9,12,17,19,33,8,10
09046,2009-03-04,4,12,19,30,33,6,12
09047,2009-03-06,21,25,30,31,34,3,8
09048,2009-03-09,10,13,17,19,30,4,6
09049,2009-03-11,21,22,24,26,31,3,12
09050,2009-03-13,11,16,18,31,35,5,6
09051,2009-03-16,10,13,21,30,33,3,6
09052,2009-03-18,3,4,13,17,21,1,2
09053,2009-03-20,1,3,6,11,15,4,12
09054,2009-03-22,6,11,17,19,24,2,6
09055,2009-03-25,2,4,25,33,35,4,11
09056,2009-03-27,1,7,8,19,23,3,10
09057,2009-03-29,1,4,14,18,28,8,10
09058,2009-04-01,11,12,13,24,29,4,6
09059,2009-04-03,4,6,20,21,26,1,10
09060,2009-04-05,5,11,15,21,27,4,9
09061,2009-04-08,9,11,21,25,27,4,10
09062,2009-04-10,7,9,12,23,24,7,9
09063,2009-04-12,1,2,11,13,17,4,5
09064,2009-04-14,8,12,14,24,30,7,8
09065,2009-04-17,3,9,21,23,34,1,12
09066,2009-04-19,10,16,18,26,32,2,12
09067,2009-04-21,2,6,7,15,25,4,8
09068,2009-04-24,1,11,13,15,27,5,11
09069,2009-04-26,8,18,28,33,35,2,9
09070,2009-04-28,4,9,10,23,35,4,11
09071,2009-05-01,2,4,12,15,26,6,9
09072,2009-05-03,1,10,11,24,32,1,12
09073,2009-05-05,6,16,26,31,32,3,6
09074,2009-05-07,5,13,15,19,29,2,9
09075,2009-05-10,7,9,13,21,35,6,7
09076,2009-05-12,17,26,28,34,35,2,3
09077,2009-05-14,18,22,24,25,35,9,11
09078,2009-05-17,6,19,20,26,30,9,12
09079,2009-05-19,1,8,12,16,30,7,10
09080,2009-05-21,8,12,30,34,35,3,6
09081,2009-05-24,2,13,14,17,21,3,11
09082,2009-05-26,5,8,13,18,27,8,10
09083,2009-05-28,1,7,12,26,30,1,11
09084,2009-05-30,2,5,15,17,32,5,11
09085,2009-06-02,5,8,19,30,35,3,12
09086,2009-06-04,13,14,17,22,28,3,5
09087,2009-06-06,8,9,16,19,32,2,7
09088,2009-06-09,5,19,27,30,33,6,7
09089,2009-06-11,2,6,8,19,26,9,10
09090,2009-06-13,1,10,11,30,35,1,3
09091,2009-06-16,2,11,12,29,33,3,7
09092,2009-06-18,6,7,22,25,30,6,11
09093,2009-06-20,1,2,8,14,31,1,9
09094,2009-06-22,2,9,16,22,32,2,10
09095,2009-06-25,6,9,17,28,33,7,10
09096,2009-06-27,1,18,24,32,34,4,8
09097,2009-06-29,7,12,20,24,28,2,10
09098,2009-07-02,1,5,12,20,30,4,9
09099,2009-07-04,4,5,14,16,21,4,12
09100,2009-07-06,12,13,20,28,30,7,9
09101,2009-07-09,7,20,23,27,32,2,7
09102,2009-07-11,11,19,20,21,24,8,11
09103,2009-07-13,2,18,26,27,35,5,8
09104,2009-07-15,2,7,13,22,23,3,10
09105,2009-07-18,2,10,11,20,30,3,4
09106,2009-07-20,13,17,18,22,28,6,12
09107,2009-07-22,1,6,19,28,30,11,12
09108,2009-07-25,4,8,14,15,17,4,7
09109,2009-07-27,11,12,14,18,34,6,8
09110,2009-07-29,6,9,22,30,31,4,7
09111,2009-08-01,3,17,19,27,35,1,11
09112,2009-08-03,8,10,16,26,29,1,10
09113,2009-08-05,1,3,4,10,21,2,4
09114,2009-08-07,3,6,8,10,17,2,9
09115,2009-08-10,1,4,12,18,27,2,12
09116,2009-08-12,4,6,7,10,18,5,7
09117,2009-08-14,2,5,23,30,34,1,7
09118,2009-08-17,6,11,15,16,23,7,11
09119,2009-08-19,20,24,27,28,33,3,11
09120,2009-08-21,5,9,12,23,35,1,6
09121,2009-08-24,4,12,20,22,28,2,12
09122,2009-08-26,13,16,24,25,28,1,9
09123,2009-08-28,8,9,10,20,32,1,4
09124,2009-08-30,1,8,24,27,30,5,11
09125,2009-09-02,5,14,28,32,33,2,9
09126,2009-09-04,3,5,6,29,32,5,10
09127,2009-09-06,2,4,18,32,35,1,10
09128,2009-09-09,1,7,13,26,34,6,11
09129,2009-09-11,8,10,25,33,34,5,11
09130,2009-09-13,12,15,22,30,31,1,9
09131,2009-09-16,8,24,29,30,35,3,4
09132,2009-09-18,14,20,23,27,35,1,8
09133,2009-09-20,1,7,12,25,26,4,9
09134,2009-09-22,6,19,20,27,32,10,12
09135,2009-09-25,11,22,24,29,31,4,9
09136,2009-09-27,2,4,7,27,31,3,10
09137,2009-09-29,18,21,24,30,35,4,10
09138,2009-10-02,7,11,14,31,32,1,6
09139,2009-10-04,1,5,18,23,24,3,11
09140,2009-10-06,4,12,28,33,34,3,7
09141,2009-10-09,12,26,27,31,35,4,8
09142,2009-10-11,1,6,8,25,35,6,11
09143,2009-10-13,4,8,11,21,32,5,6
09144,2009-10-15,3,7,8,28,35,3,4
09145,2009-10-18,1,4,16,20,23,6,11
09146,2009-10-20,5,9,15,23,27,3,12
09147,2009-10-22,1,11,15,20,25,5,6
09148,2009-10-25,9,10,12,24,31,6,9
09149,2009-10-27,1,9,10,13,14,6,8
09150,2009-10-29,7,15,16,25,32,7,9
10001,2009-11-01,1,18,20,27,35,2,3
10002,2009-11-03,18,19,29,34,35,4,6
10003,2009-11-05,10,23,25,33,34,3,12
10004,2009-11-07,1,6,18,20,23,1,12
10005,2009-11-10,11,12,22,32,33,7,9
10006,2009-11-12,4,8,28,31,34,5,9
10007,2009-11-14,5,6,11,22,32,6,12
10008,2009-11-17,6,22,24,30,31,2,7
10009,2009-11-19,13,15,29,30,32,6,11
10010,2009-11-21,3,9,14,23,31,6,10
10011,2009-11-24,4,6,10,21,22,2,5
10012,2009-11-26,13,23,27,31,32,1,7
10013,2009-11-28,4,16,20,26,27,2,5
10014,2009-11-30,8,11,15,17,21,3,4
10015,2009-12-03,5,13,14,28,32,7,9
10016,2009-12-05,22,23,30,31,32,8,9
10017,2009-12-07,1,7,9,11,30,4,10
10018,2009-12-10,6,12,14,16,29,2,8
10019,2009-12-12,5,9,16,25,34,5,11
10020,2009-12-14,4,10,13,32,33,2,5
10021,2009-12-17,5,11,14,16,18,2,11
10022,2009-12-19,5,8,11,18,32,7,9
10023,2009-12-21,17,19,26,27,30,9,12
10024,2009-12-23,5,11,12,30,32,5,6
10025,2009-12-26,4,15,23,25,27,2,10
10026,2009-12-28,4,28,29,31,34,1,12
10027,2009-12-30,12,23,26,27,35,4,11
10028,2010-01-02,12,27,28,33,34,7,9
10029,2010-01-04,5,12,14,20,26,1,7
10030,2010-01-06,4,10,15,18,27,6,9
10031,2010-01-09,13,16,20,26,33,8,10
10032,2010-01-11,5,16,19,22,31,2,6
10033,2010-01-13,1,4,9,29,31,1,2
10034,2010-01-15,5,7,19,31,33,2,12
10035,2010-01-18,11,16,21,24,30,7,9
10036,2010-01-20,1,4,11,12,35,1,2
10037,2010-01-22,1,8,10,21,31,7,8
10038,2010-01-25,14,19,23,33,34,1,2
10039,2010-01-27,11,14,27,31,35,9,12
10040,2010-01-29,11,24,28,29,33,2,9
10041,2010-02-01,5,16,18,31,32,3,5
10042,2010-02-03,3,9,14,28,30,1,12
10043,2010-02-05,9,10,18,19,22,3,6
10044,2010-02-07,2,14,17,18,35,1,11
10045,2010-02-10,2,21,24,26,27,3,7
10046,2010-02-12,12,16,19,23,28,1,11
10047,2010-02-14,8,14,17,22,34,1,3
10048,2010-02-17,11,16,25,29,31,7,11
10049,2010-02-19,28,29,30,33,35,6,7
10050,2010-02-21,7,11,16,33,35,1,5
10051,2010-02-24,4,8,20,29,34,10,12
10052,2010-02-26,1,2,22,23,26,5,6
10053,2010-02-28,4,8,12,21,23,7,10
10054,2010-03-02,3,27,28,33,35,2,6
10055,2010-03-05,6,7,24,25,32,10,11
10056,2010-03-07,13,19,31,33,35,2,5
10057,2010-03-09,7,16,22,31,35,7,10
10058,2010-03-12,4,5,6,16,31,6,11
10059,2010-03-14,10,11,15,28,34,1,10
10060,2010-03-16,3,5,23,25,34,8,11
10061,2010-03-19,1,15,20,24,35,5,8
10062,2010-03-21,1,7,19,29,35,9,10
10063,2010-03-23,13,21,30,31,35,3,12
10064,2010-03-25,24,32,33,34,35,6,9
10065,2010-03-28,3,6,20,29,30,4,7
10066,2010-03-30,8,15,16,25,31,8,11
10067,2010-04-01,14,21,29,31,32,1,11
10068,2010-04-04,4,5,15,21,30,3,6
10069,2010-04-06,1,12,18,21,22,7,9
10070,2010-04-08,1,15,20,28,29,1,10
10071,2010-04-11,10,11,12,26,31,10,11
10072,2010-04-13,3,9,11,26,29,2,10
10073,2010-04-15,6,11,20,21,24,1,12
10074,2010-04-17,4,18,25,29,34,1,10
10075,2010-04-20,2,9,11,15,17,6,8
10076,2010-04-22,7,8,12,30,31,8,10
10077,2010-04-24,3,14,19,22,31,3,4
10078,2010-04-27,8,11,12,33,35,4,8
10079,2010-04-29,9,14,20,21,28,2,8
10080,2010-05-01,5,11,15,20,33,4,10
10081,2010-05-04,2,17,23,34,35,5,6
10082,2010-05-06,5,15,19,21,30,4,7
10083,2010-05-08,1,3,7,17,29,3,5
10084,2010-05-10,7,13,25,28,33,10,12
10085,2010-05-13,7,11,22,27,33,1,3
10086,2010-05-15,11,12,14,23,26,2,10
10087,2010-05-17,4,9,10,16,21,3,10
10088,2010-05-20,1,4,6,13,26,1,6
10089,2010-05-22,3,6,14,17,24,8,9
10090,2010-05-24,4,6,26,33,35,1,10
10091,2010-05-27,7,12,16,25,31,9,11
10092,2010-05-29,2,19,26,29,33,1,3
10093,2010-05-31,9,20,28,30,31,5,11
10094,2010-06-02,1,24,25,33,35,3,5
10095,2010-06-05,2,9,19,29,32,1,6
10096,2010-06-07,4,21,27,34,35,4,9
10097,2010-06-09,12,15,20,28,33,2,4
10098,2010-06-12,10,18,27,31,34,5,8
10099,2010-06-14,1,14,19,27,31,5,8
10100,2010-06-16,3,5,10,19,29,3,4
10101,2010-06-19,13,18,23,26,34,3,7
10102,2010-06-21,1,8,14,16,33,4,12
10103,2010-06-23,14,15,24,27,35,3,8
10104,2010-06-25,5,13,15,19,31,2,12
10105,2010-06-28,1,13,22,29,31,3,4
10106,2010-06-30,9,21,26,27,30,2,5
10107,2010-07-02,4,9,14,24,35,1,9
10108,2010-07-05,14,19,20,32,35,1,9
10109,2010-07-07,10,16,22,31,35,7,10
10110,2010-07-09,8,25,28,29,34,9,10
10111,2010-07-12,8,9,21,29,30,2,5
10112,2010-07-14,3,16,20,25,30,3,11
10113,2010-07-16,6,8,17,24,26,7,8
10114,2010-07-18,1,6,12,23,30,7,11
10115,2010-07-21,2,21,27,28,32,1,9
10116,2010-07-23,4,8,9,15,22,5,9
10117,2010-07-25,9,11,15,27,30,1,4
10118,2010-07-28,12,19,20,24,33,8,12
10119,2010-07-30,5,17,20,24,25,3,4
10120,2010-08-01,3,11,23,32,35,4,9
10121,2010-08-04,4,9,13,21,24,4,9
10122,2010-08-06,8,17,19,28,29,6,10
10123,2010-08-08,8,11,19,20,35,9,10
10124,2010-08-10,13,14,17,18,27,4,6
10125,2010-08-13,3,5,11,14,21,2,7
10126,2010-08-15,5,7,23,25,31,1,10
10127,2010-08-17,1,19,28,31,35,11,12
10128,2010-08-20,13,20,26,29,33,4,9
10129,2010-08-22,6,7,11,28,35,6,7
10130,2010-08-24,2,11,14,24,31,2,6
10131,2010-08-27,1,8,12,29,33,1,9
10132,2010-08-29,5,8,11,15,22,2,8
10133,2010-08-31,12,14,22,24,30,3,11
10134,2010-09-02,6,12,16,28,33,2,7
10135,2010-09-05,2,5,12,32,34,2,4
10136,2010-09-07,11,18,20,21,29,6,10
10137,2010-09-09,5,9,27,34,35,4,10
10138,2010-09-12,9,21,26,28,35,8,9
10139,2010-09-14,6,8,11,21,32,1,11
10140,2010-09-16,14,21,27,34,35,2,12
10141,2010-09-19,4,26,30,33,35,2,10
10142,2010-09-21,3,6,8,10,12,3,6
10143,2010-09-23,6,12,13,24,30,5,11
10144,2010-09-25,7,17,27,28,34,5,12
10145,2010-09-28,17,23,24,31,33,1,6
10146,2010-09-30,7,19,20,32,33,6,9
10147,2010-10-02,6,7,14,20,29,5,12
10148,2010-10-05,11,13,14,17,25,3,11
10149,2010-10-07,10,11,18,22,26,5,7
10150,2010-10-09,17,20,26,32,34,2,12
11001,2010-10-12,3,16,20,31,32,3,12
11002,2010-10-14,3,15,16,19,21,2,4
11003,2010-10-16,7,16,17,19,32,1,7
11004,2010-10-18,16,19,24,28,34,7,9
11005,2010-10-21,4,15,25,26,30,2,11
11006,2010-10-23,2,6,18,28,35,8,11
11007,2010-10-25,5,7,27,31,32,7,8
11008,2010-10-28,3,4,5,23,35,1,12
11009,2010-10-30,7,25,27,30,34,9,10
11010,2010-11-01,1,6,9,11,17,2,7
11011,2010-11-04,7,14,17,21,27,4,11
11012,2010-11-06,13,17,24,32,33,3,10
11013,2010-11-08,6,10,15,23,27,9,11
11014,2010-11-10,8,20,26,30,33,1,9
11015,2010-11-13,5,6,8,20,34,7,10
11016,2010-11-15,2,10,12,33,34,3,8
11017,2010-11-17,4,12,23,30,34,3,6
11018,2010-11-20,13,15,22,33,35,4,10
11019,2010-11-22,18,19,20,29,32,5,6
11020,2010-11-24,1,9,23,26,33,5,8
11021,2010-11-27,6,16,20,22,24,5,11
11022,2010-11-29,5,10,15,17,24,1,7
11023,2010-12-01,13,16,19,27,31,6,11
11024,2010-12-03,4,16,20,23,30,5,10
11025,2010-12-06,5,16,21,34,35,3,4
11026,2010-12-08,10,13,26,27,35,1,12
11027,2010-12-10,6,9,15,18,23,3,8
11028,2010-12-13,6,8,11,28,32,9,10
11029,2010-12-15,3,9,20,29,34,11,12
11030,2010-12-17,1,10,15,19,29,5,11
11031,2010-12-20,17,21,24,25,29,7,9
11032,2010-12-22,12,16,31,32,35,3,5
11033,2010-12-24,1,9,12,29,33,1,8
11034,2010-12-26,7,15,17,21,35,1,2
11035,2010-12-29,2,5,8,16,25,5,12
11036,2010-12-31,13,20,23,26,33,6,10
11037,2011-01-02,3,12,15,25,28,9,11
11038,2011-01-05,4,12,19,30,34,6,8
11039,2011-01-07,6,10,16,19,28,3,5
11040,2011-01-09,6,11,15,16,28,7,8
11041,2011-01-12,2,6,22,24,25,1,10
11042,2011-01-14,11,14,20,32,34,8,12
11043,2011-01-16,6,19,28,29,31,1,5
11044,2011-01-18,21,23,25,30,32,9,12
11045,2011-01-21,1,2,15,17,34,4,10
11046,2011-01-23,16,17,19,25,30,6,11
11047,2011-01-25,7,14,16,18,32,2,9
11048,2011-01-28,6,9,10,22,34,1,7
11049,2011-01-30,3,7,11,26,35,5,11
11050,2011-02-01,1,10,16,27,29,1,3
11051,2011-02-04,2,4,8,28,34,9,11
11052,2011-02-06,1,4,18,23,28,4,5
11053,2011-02-08,2,4,13,29,31,3,8
11054,2011-02-10,12,16,18,26,34,9,12
11055,2011-02-13,14,25,27,31,32,5,11
11056,2011-02-15,1,10,24,26,29,5,9
11057,2011-02-17,5,6,12,14,16,10,12
11058,2011-02-20,8,14,18,21,32,1,8
11059,2011-02-22,6,11,24,25,26,2,6
11060,2011-02-24,5,7,16,29,35,4,10
11061,2011-02-27,11,13,23,26,35,11,12
11062,2011-03-01,4,7,10,12,32,2,7
11063,2011-03-03,5,7,11,21,31,5,6
11064,2011-03-05,2,6,19,21,25,2,3
11065,2011-03-08,4,7,25,27,31,4,7
11066,2011-03-10,9,13,20,25,28,6,10
11067,2011-03-12,1,5,8,9,21,3,5
11068,2011-03-15,1,24,25,31,34,7,10
11069,2011-03-17,1,16,17,33,35,2,12
11070,2011-03-19,6,13,17,28,33,7,8
11071,2011-03-22,15,18,22,25,27,7,10
11072,2011-03-24,10,12,21,24,28,5,9
11073,2011-03-26,9,13,24,27,31,11,12
11074,2011-03-28,20,22,23,30,34,5,6
11075,2011-03-31,1,7,13,27,35,3,7
11076,2011-04-02,1,21,28,32,34,5,8
11077,2011-04-04,1,3,12,27,29,8,9
11078,2011-04-07,3,21,22,28,33,6,8
11079,2011-04-09,6,8,19,21,35,3,10
11080,2011-04-11,11,16,25,26,30,6,7
11081,2011-04-14,1,12,21,25,35,2,12
11082,2011-04-16,6,13,20,30,31,9,12
11083,2011-04-18,10,27,28,29,35,1,9
11084,2011-04-20,12,15,19,25,30,6,7
11085,2011-04-23,13,18,29,32,33,10,12
11086,2011-04-25,7,11,20,26,34,3,10
11087,2011-04-27,7,12,26,32,34,7,8
11088,2011-04-30,6,11,21,22,26,6,8
11089,2011-05-02,2,3,11,18,28,1,6
11090,2011-05-04,10,15,19,23,35,2,12
11091,2011-05-07,8,16,27,33,35,1,2
11092,2011-05-09,3,7,13,18,26,6,9
11093,2011-05-11,20,22,26,31,35,2,4
11094,2011-05-13,13,19,21,27,31,5,10
11095,2011-05-16,7,14,23,30,34,2,11
11096,2011-05-18,15,19,22,25,26,1,6
11097,2011-05-20,9,21,26,27,32,8,9
11098,2011-05-23,3,6,13,31,34,1,3
11099,2011-05-25,1,14,18,21,29,4,8
11100,2011-05-27,2,6,11,19,20,1,11
11101,2011-05-30,15,18,22,23,27,8,11
11102,2011-06-01,9,16,18,31,32,2,5
11103,2011-06-03,7,15,27,30,35,4,12
11104,2011-06-05,10,11,17,18,30,2,8
11105,2011-06-08,4,7,8,14,28,2,5
11106,2011-06-10,6,11,25,34,35,8,10
11107,2011-06-12,1,5,8,10,12,3,4
11108,2011-06-15,6,22,23,25,30,2,3
11109,2011-06-17,6,7,17,25,32,9,12
11110,2011-06-19,3,4,7,13,19,9,10
11111,2011-06-22,13,14,23,32,33,10,12
11112,2011-06-24,7,13,21,31,32,1,11
11113,2011-06-26,10,11,18,19,27,1,10
11114,2011-06-28,1,7,16,27,31,5,6
11115,2011-07-01,2,5,24,25,30,2,3
11116,2011-07-03,23,29,31,33,35,2,6
11117,2011-07-05,10,18,20,23,27,5,11
11118,2011-07-08,3,13,20,23,33,3,7
11119,2011-07-10,7,13,17,24,27,9,12
11120,2011-07-12,5,18,22,27,28,1,10
11121,2011-07-15,15,18,23,25,26,9,10
11122,2011-07-17,6,13,14,22,28,5,12
11123,2011-07-19,4,8,12,22,29,2,10
11124,2011-07-21,7,11,21,24,32,2,9
11125,2011-07-24,2,4,6,20,34,1,9
11126,2011-07-26,6,10,12,14,16,4,5
11127,2011-07-28,3,22,23,31,35,3,8
11128,2011-07-31,4,6,10,25,34,2,8
11129,2011-08-02,2,12,21,24,31,6,9
11130,2011-08-04,16,22,27,28,29,4,9
11131,2011-08-07,12,26,27,34,35,4,10
11132,2011-08-09,4,5,6,27,32,4,11
11133,2011-08-11,8,12,18,26,34,2,4
11134,2011-08-13,2,4,6,12,19,2,11
11135,2011-08-16,2,7,17,19,25,5,7
11136,2011-08-18,2,10,13,21,29,5,11
11137,2011-08-20,7,18,24,31,32,6,7
11138,2011-08-23,12,15,24,26,33,11,12
11139,2011-08-25,2,4,18,24,29,11,12
11140,2011-08-27,5,7,17,28,32,2,6
11141,2011-08-30,1,13,27,30,35,6,10
11142,2011-09-01,10,11,13,20,34,6,12
11143,2011-09-03,20,22,23,29,34,9,12
11144,2011-09-05,1,14,26,33,34,2,8
11145,2011-09-08,14,17,18,21,22,6,9
11146,2011-09-10,6,16,20,24,27,2,10
11147,2011-09-12,4,14,19,27,32,6,9
11148,2011-09-15,9,19,23,25,30,4,7
11149,2011-09-17,18,21,22,24,35,7,12
11150,2011-09-19,12,15,16,24,30,1,2
12001,2011-09-22,7,12,19,25,30,2,3
12002,2011-09-24,2,10,15,23,30,6,7
12003,2011-09-26,2,8,10,18,19,9,12
12004,2011-09-28,14,17,28,29,32,6,9
12005,2011-10-01,1,4,5,9,12,6,12
12006,2011-10-03,8,15,16,19,26,1,4
12007,2011-10-05,3,4,6,12,18,2,10
12008,2011-10-08,1,3,19,30,32,4,5
12009,2011-10-10,7,8,11,24,29,4,8
12010,2011-10-12,2,6,12,22,29,11,12
12011,2011-10-15,2,4,7,17,25,9,12
12012,2011-10-17,6,13,24,30,33,2,11
12013,2011-10-19,1,6,10,11,17,1,5
12014,2011-10-21,1,7,8,9,18,4,11
12015,2011-10-24,14,20,25,26,30,7,9
12016,2011-10-26,1,6,7,22,35,4,5
12017,2011-10-28,18,21,24,27,33,3,7
12018,2011-10-31,2,5,21,26,34,8,10
12019,2011-11-02,5,7,9,17,30,5,12
12020,2011-11-04,18,25,26,29,31,5,8
12021,2011-11-07,8,14,18,20,28,8,12
12022,2011-11-09,13,15,25,27,28,7,8
12023,2011-11-11,2,8,20,23,25,11,12
12024,2011-11-13,4,5,14,30,32,2,12
12025,2011-11-16,6,9,17,28,33,7,8
12026,2011-11-18,7,10,13,21,31,6,9
12027,2011-11-20,1,10,31,33,35,5,11
12028,2011-11-23,13,14,17,19,31,7,11
12029,2011-11-25,2,7,12,18,26,2,4
12030,2011-11-27,8,15,20,25,26,3,9
12031,2011-11-30,14,20,28,31,35,3,10
12032,2011-12-02,7,22,25,27,33,6,12
12033,2011-12-04,1,26,30,32,35,10,11
12034,2011-12-06,1,9,12,13,15,1,12
12035,2011-12-09,1,6,14,22,32,3,5
12036,2011-12-11,1,11,18,30,35,2,8
12037,2011-12-13,4,5,8,9,23,5,10
12038,2011-12-16,6,11,25,34,35,7,10
12039,2011-12-18,4,5,10,23,25,4,6
12040,2011-12-20,4,15,24,25,27,3,5
12041,2011-12-23,7,12,14,19,30,2,4
12042,2011-12-25,5,6,16,17,21,7,10
12043,2011-12-27,11,15,27,28,30,7,11
12044,2011-12-29,2,3,22,26,34,10,11
12045,2012-01-01,12,24,27,29,35,5,9
12046,2012-01-03,1,7,17,21,26,1,5
12047,2012-01-05,10,15,22,23,33,2,5
12048,2012-01-08,12,13,21,22,26,10,12
12049,2012-01-10,1,9,13,14,29,1,3
12050,2012-01-12,1,27,28,34,35,8,9
12051,2012-01-15,6,15,16,18,35,1,11
12052,2012-01-17,8,9,14,15,22,1,3
12053,2012-01-19,1,2,9,10,27,4,7
12054,2012-01-21,11,14,15,26,29,6,10
12055,2012-01-24,2,4,5,18,22,6,12
12056,2012-01-26,13,14,15,21,29,4,11
12057,2012-01-28,3,13,14,17,21,4,7
12058,2012-01-31,1,4,19,21,31,5,9
12059,2012-02-02,5,13,24,26,32,10,11
12060,2012-02-04,1,4,7,9,30,4,6
12061,2012-02-07,2,18,27,29,33,5,11
12062,2012-02-09,2,4,8,21,26,3,4
12063,2012-02-11,12,19,20,21,32,1,11
12064,2012-02-13,4,14,17,23,27,4,7
12065,2012-02-16,13,14,18,30,32,5,10
12066,2012-02-18,11,14,15,18,19,2,8
12067,2012-02-20,7,11,12,16,33,8,11
12068,2012-02-23,3,5,14,26,31,9,11
12069,2012-02-25,2,7,11,21,22,6,10
12070,2012-02-27,4,16,29,32,34,5,12
12071,2012-03-01,1,4,5,13,22,1,12
12072,2012-03-03,1,11,18,25,35,7,8
12073,2012-03-05,2,15,19,22,30,4,10
12074,2012-03-07,3,6,28,29,35,4,7
12075,2012-03-10,5,8,16,25,31,3,5
12076,2012-03-12,7,18,27,31,32,8,9
12077,2012-03-14,4,11,18,22,35,6,8
12078,2012-03-17,2,13,17,24,30,1,4
12079,2012-03-19,4,14,22,25,30,1,6
12080,2012-03-21,14,15,19,24,34,1,12
12081,2012-03-24,1,3,14,19,31,1,11
12082,2012-03-26,1,2,10,19,31,6,12
12083,2012-03-28,3,15,17,18,31,2,6
12084,2012-03-30,2,5,7,20,31,2,12
12085,2012-04-02,2,10,19,26,35,5,10
12086,2012-04-04,1,16,25,26,31,3,8
12087,2012-04-06,5,9,14,16,27,9,12
12088,2012-04-09,9,13,25,33,35,3,7
12089,2012-04-11,3,5,6,7,30,2,11
12090,2012-04-13,18,26,28,29,33,3,4
12091,2012-04-16,7,12,15,24,34,4,9
12092,2012-04-18,3,4,13,17,33,3,12
12093,2012-04-20,5,10,26,28,35,1,10
12094,2012-04-22,9,15,19,26,30,1,5
12095,2012-04-25,3,11,18,24,26,2,10
12096,2012-04-27,1,4,9,14,17,7,8
12097,2012-04-29,2,6,9,26,34,9,11
12098,2012-05-02,1,5,18,20,27,6,12
12099,2012-05-04,8,15,23,28,32,2,3
12100,2012-05-06,5,16,23,24,31,5,12
12101,2012-05-09,17,19,25,30,32,9,11
12102,2012-05-11,1,13,16,21,27,3,5
12103,2012-05-13,2,6,12,23,34,5,10
12104,2012-05-15,2,4,10,22,33,2,11
12105,2012-05-18,3,8,28,30,35,8,12
12106,2012-05-20,5,11,14,16,35,3,7
12107,2012-05-22,5,9,21,28,34,2,3
12108,2012-05-25,19,20,25,28,32,1,7
12109,2012-05-27,2,12,17,25,33,6,10
12110,2012-05-29,2,6,10,26,29,4,10
12111,2012-06-01,1,13,24,29,34,1,5
12112,2012-06-03,8,20,24,26,28,8,9
12113,2012-06-05,4,5,13,17,29,1,11
12114,2012-06-07,1,6,9,10,21,8,12
12115,2012-06-10,3,15,22,25,33,3,6
12116,2012-06-12,8,13,17,18,34,4,10
12117,2012-06-14,2,3,16,20,34,11,12
12118,2012-06-17,1,17,19,20,29,6,10
12119,2012-06-19,21,25,31,33,35,1,11
12120,2012-06-21,2,6,10,18,32,10,12
12121,2012-06-24,11,14,16,30,32,9,11
12122,2012-06-26,1,3,4,13,33,7,10
12123,2012-06-28,10,23,30,34,35,11,12
12124,2012-06-30,3,4,10,21,32,4,11
12125,2012-07-03,1,16,19,23,31,1,5
12126,2012-07-05,2,7,13,18,19,9,12
12127,2012-07-07,9,15,20,29,30,2,7
12128,2012-07-10,16,20,23,24,25,3,10
12129,2012-07-12,3,10,13,24,34,1,11
12130,2012-07-14,5,11,12,21,31,8,9
12131,2012-07-17,6,13,20,23,26,2,12
12132,2012-07-19,10,14,22,31,34,3,11
12133,2012-07-21,1,9,11,28,32,4,7
12134,2012-07-23,17,18,19,25,26,6,11
12135,2012-07-26,1,3,18,24,27,1,12
12136,2012-07-28,7,9,10,18,20,7,10
12137,2012-07-30,13,28,31,32,35,9,10
12138,2012-08-02,7,12,19,22,29,9,10
12139,2012-08-04,1,7,29,33,34,4,11
12140,2012-08-06,1,10,12,17,33,7,8
12141,2012-08-09,2,21,22,29,32,8,12
12142,2012-08-11,1,9,14,20,32,4,11
12143,2012-08-13,5,6,33,34,35,10,11
12144,2012-08-15,8,11,15,21,22,5,9
12145,2012-08-18,3,4,9,10,30,4,8
12146,2012-08-20,1,4,5,14,34,2,8
12147,2012-08-22,5,16,25,28,30,2,5
12148,2012-08-25,8,17,18,24,30,9,12
12149,2012-08-27,2,17,19,20,24,5,11
12150,2012-08-29,5,8,10,22,23,10,11
13001,2012-09-01,18,19,24,27,30,6,11
13002,2012-09-03,1,7,13,21,24,6,12
13003,2012-09-05,7,14,16,18,31,6,11
13004,2012-09-07,7,8,14,30,35,3,10
13005,2012-09-10,8,9,27,32,35,2,7
13006,2012-09-12,8,9,11,13,26,4,10
13007,2012-09-14,10,14,25,31,34,8,12
13008,2012-09-17,3,15,17,21,34,1,3
13009,2012-09-19,1,2,7,11,18,2,5
13010,2012-09-21,7,9,17,22,34,2,6
13011,2012-09-24,5,13,21,23,28,2,8
13012,2012-09-26,1,4,13,14,22,4,9
13013,2012-09-28,3,6,16,29,34,4,5
13014,2012-09-30,4,7,9,28,29,1,12
13015,2012-10-03,8,17,29,32,35,3,4
13016,2012-10-05,7,16,20,28,34,1,6
13017,2012-10-07,4,9,25,30,35,4,9
13018,2012-10-10,4,13,16,17,35,1,6
13019,2012-10-12,18,19,23,25,34,4,9
13020,2012-10-14,1,5,10,21,27,7,9
13021,2012-10-17,7,13,16,26,30,3,4
13022,2012-10-19,5,7,9,23,27,3,12
13023,2012-10-21,1,6,13,28,34,1,12
13024,2012-10-23,8,10,25,30,32,1,11
13025,2012-10-26,5,9,21,22,28,1,3
13026,2012-10-28,27,30,31,32,34,4,7
13027,2012-10-30,1,2,13,22,24,2,5
13028,2012-11-02,4,13,18,22,34,2,3
13029,2012-11-04,2,16,20,24,35,8,10
13030,2012-11-06,8,23,30,32,35,7,9
13031,2012-11-09,5,9,13,19,28,3,7
13032,2012-11-11,15,17,23,25,30,3,12
13033,2012-11-13,3,17,23,28,34,1,12
13034,2012-11-15,3,6,13,15,30,2,5
13035,2012-11-18,1,10,16,22,25,4,6
13036,2012-11-20,5,21,23,30,33,4,10
13037,2012-11-22,1,3,11,20,22,3,10
13038,2012-11-25,5,17,21,27,33,3,4
13039,2012-11-27,2,7,14,21,34,1,11
13040,2012-11-29,5,8,11,21,33,2,11
13041,2012-12-02,1,11,15,18,26,2,7
13042,2012-12-04,1,10,22,27,29,9,10
13043,2012-12-06,1,14,18,21,28,9,12
13044,2012-12-08,3,6,15,28,31,1,9
13045,2012-12-11,1,3,10,14,32,6,12
13046,2012-12-13,9,18,21,23,29,6,11
13047,2012-12-15,8,12,23,25,32,5,12
13048,2012-12-18,4,15,20,25,32,6,7
13049,2012-12-20,2,10,16,25,30,4,10
13050,2012-12-22,10,16,27,33,35,4,7
13051,2012-12-25,2,8,22,26,34,4,9
13052,2012-12-27,1,5,17,19,25,1,6
13053,2012-12-29,13,19,20,22,33,3,9
13054,2012-12-31,10,12,19,28,34,10,12
13055,2013-01-03,4,11,27,28,30,1,9
13056,2013-01-05,2,9,20,26,33,5,11
13057,2013-01-07,6,9,30,31,33,2,4
13058,2013-01-10,7,8,19,20,34,1,2
13059,2013-01-12,1,8,15,29,35,10,12
13060,2013-01-14,4,16,18,19,23,5,7
13061,2013-01-17,5,13,18,23,24,2,9
13062,2013-01-19,5,10,16,25,30,7,8
13063,2013-01-21,2,5,8,11,33,6,8
13064,2013-01-23,11,13,19,29,31,2,3
13065,2013-01-26,2,12,13,26,34,3,10
13066,2013-01-28,5,20,22,34,35,1,10
13067,2013-01-30,1,3,7,19,25,2,11
13068,2013-02-02,3,4,17,28,35,6,9
13069,2013-02-04,8,13,15,25,33,3,11
13070,2013-02-06,6,9,10,12,32,2,11
13071,2013-02-09,12,15,27,34,35,2,10
13072,2013-02-11,2,9,16,17,29,2,10
13073,2013-02-13,4,10,14,15,32,2,12
13074,2013-02-15,15,22,23,26,31,3,12
13075,2013-02-18,10,16,30,32,34,4,7
13076,2013-02-20,1,15,20,23,32,7,9
13077,2013-02-22,3,9,14,25,28,7,8
13078,2013-02-25,2,4,16,34,35,3,11
13079,2013-02-27,6,11,19,24,26,2,5
13080,2013-03-01,4,15,16,23,29,1,9
13081,2013-03-04,7,11,13,26,35,5,9
13082,2013-03-06,4,6,16,25,26,2,11
13083,2013-03-08,2,5,16,28,32,4,11
13084,2013-03-10,2,10,12,15,18,6,10
13085,2013-03-13,1,5,15,25,35,2,11
13086,2013-03-15,4,9,22,25,27,5,8
13087,2013-03-17,2,4,12,14,16,4,9
13088,2013-03-20,2,11,23,26,29,6,10
13089,2013-03-22,4,13,14,26,30,1,5
13090,2013-03-24,18,20,22,23,25,5,10
13091,2013-03-27,7,9,17,28,35,6,10
13092,2013-03-29,6,7,30,33,34,3,10
13093,2013-03-31,11,14,30,33,34,6,11
13094,2013-04-02,7,10,27,30,34,7,9
13095,2013-04-05,12,20,26,28,34,2,6
13096,2013-04-07,4,10,15,19,25,7,10
13097,2013-04-09,12,15,19,25,28,6,9
13098,2013-04-12,2,13,19,29,34,3,10
13099,2013-04-14,3,18,19,24,25,1,4
13100,2013-04-16,3,8,9,18,33,2,3
13101,2013-04-19,7,11,12,16,32,4,10
13102,2013-04-21,2,3,17,22,34,4,8
13103,2013-04-23,4,6,13,22,25,4,9
13104,2013-04-25,5,12,24,27,31,3,9
13105,2013-04-28,9,22,26,28,33,6,10
13106,2013-04-30,1,3,22,25,30,10,11
13107,2013-05-02,5,7,22,23,25,2,8
13108,2013-05-05,13,14,19,23,26,1,4
13109,2013-05-07,16,21,29,32,34,3,8
13110,2013-05-09,4,17,18,21,33,1,6
13111,2013-05-12,6,13,19,25,28,2,12
13112,2013-05-14,1,3,7,15,34,4,5
13113,2013-05-16,10,17,20,30,32,9,10
13114,2013-05-18,8,12,17,18,33,9,10
13115,2013-05-21,11,15,16,22,24,4,6
13116,2013-05-23,5,24,27,34,35,1,5
13117,2013-05-25,17,18,24,28,30,2,10
13118,2013-05-28,16,17,18,19,28,3,9
13119,2013-05-30,10,16,18,19,29,1,9
13120,2013-06-01,16,21,25,33,35,3,12
13121,2013-06-04,14,18,20,22,24,7,8
13122,2013-06-06,2,3,27,28,30,8,9
13123,2013-06-08,2,6,8,25,34,9,12
13124,2013-06-10,4,22,28,30,34,3,8
13125,2013-06-13,3,16,20,25,35,1,9
13126,2013-06-15,5,7,19,23,33,5,7
13127,2013-06-17,1,7,11,27,33,3,12
13128,2013-06-20,8,16,17,19,34,5,11
13129,2013-06-22,3,6,27,31,34,6,9
13130,2013-06-24,8,11,22,24,30,4,8
13131,2013-06-27,14,15,20,27,30,5,11
13132,2013-06-29,5,9,16,24,27,4,9
13133,2013-07-01,2,3,5,8,11,10,12
13134,2013-07-03,3,5,7,21,33,5,11
13135,2013-07-06,7,8,15,22,27,4,5
13136,2013-07-08,7,11,15,25,33,2,4
13137,2013-07-10,5,8,16,19,23,3,5
13138,2013-07-13,3,10,12,18,30,7,11
13139,2013-07-15,1,2,10,27,31,5,12
13140,2013-07-17,4,9,12,24,30,6,12
13141,2013-07-20,2,16,22,30,35,2,3
13142,2013-07-22,13,14,15,20,35,1,12
13143,2013-07-24,1,5,10,25,33,3,7
13144,2013-07-26,5,12,16,17,26,2,10
13145,2013-07-29,4,9,19,26,31,4,10
13146,2013-07-31,10,16,21,23,24,3,8
13147,2013-08-02,3,16,22,31,34,10,12
13148,2013-08-05,3,4,13,21,24,3,10
13149,2013-08-07,6,21,22,27,34,9,11
13150,2013-08-09,3,7,13,27,29,1,8
14001,2013-08-12,5,6,18,27,34,5,8
14002,2013-08-14,3,9,15,18,22,2,10
14003,2013-08-16,10,25,31,33,34,8,11
14004,2013-08-18,2,4,15,21,25,5,9
14005,2013-08-21,1,2,13,15,27,6,9
14006,2013-08-23,6,18,20,22,26,2,4
14007,2013-08-25,2,7,18,20,31,7,12
14008,2013-08-28,1,3,5,14,34,9,11
14009,2013-08-30,2,6,14,21,31,5,9
14010,2013-09-01,11,13,14,17,32,1,7
14011,2013-09-04,7,18,20,22,29,5,12
14012,2013-09-06,2,3,8,18,31,2,9
14013,2013-09-08,6,8,18,21,23,1,3
14014,2013-09-10,6,10,19,26,30,1,12
14015,2013-09-13,3,8,19,24,26,1,5
14016,2013-09-15,13,17,21,22,27,11,12
14017,2013-09-17,13,14,22,33,34,7,9
14018,2013-09-20,8,10,11,19,23,9,11
14019,2013-09-22,1,10,17,24,31,1,8
14020,2013-09-24,13,24,26,27,29,5,11
14021,2013-09-27,1,13,14,32,33,9,10
14022,2013-09-29,7,13,25,29,32,3,9
14023,2013-10-01,9,15,22,25,26,7,9
14024,2013-10-03,1,5,15,19,31,1,10
14025,2013-10-06,4,14,19,24,28,8,12
14026,2013-10-08,2,3,10,18,31,1,12
14027,2013-10-10,7,15,23,25,35,6,8
14028,2013-10-13,9,21,24,26,33,3,9
14029,2013-10-15,6,14,19,24,35,2,3
14030,2013-10-17,3,16,19,23,28,3,7
14031,2013-10-20,8,23,27,28,29,7,11
14032,2013-10-22,10,12,13,22,28,5,11
14033,2013-10-24,5,14,15,25,26,5,8
14034,2013-10-26,1,19,22,25,33,4,10
14035,2013-10-29,4,7,9,15,24,3,8
14036,2013-10-31,15,16,17,23,33,6,7
14037,2013-11-02,6,16,17,28,29,6,10
14038,2013-11-05,3,24,26,31,32,2,5
14039,2013-11-07,4,6,13,18,19,5,6
14040,2013-11-09,6,11,17,29,32,3,12
14041,2013-11-12,7,8,18,25,26,3,4
14042,2013-11-14,8,9,11,19,23,3,4
14043,2013-11-16,4,14,16,25,31,10,12
14044,2013-11-18,7,10,19,30,33,1,12
14045,2013-11-21,7,15,22,29,30,7,12
14046,2013-11-23,6,7,12,20,22,2,6
14047,2013-11-25,13,17,22,25,27,4,9
14048,2013-11-28,16,18,23,29,33,5,7
14049,2013-11-30,1,7,23,28,32,5,8
14050,2013-12-02,3,4,5,10,27,7,12
14051,2013-12-05,14,15,19,22,31,1,11
14052,2013-12-07,1,7,11,23,30,5,6
14053,2013-12-09,5,15,17,25,34,4,12
14054,2013-12-11,18,25,31,32,34,9,11
14055,2013-12-14,4,13,16,25,31,6,11
14056,2013-12-16,1,15,21,28,30,3,4
14057,2013-12-18,1,4,14,19,28,2,10
14058,2013-12-21,1,11,18,24,34,2,11
14059,2013-12-23,1,3,8,15,32,9,12
14060,2013-12-25,10,11,14,17,25,4,11
14061,2013-12-28,2,17,18,19,33,1,2
14062,2013-12-30,3,14,15,16,27,2,3
14063,2014-01-01,6,17,26,32,34,3,11
14064,2014-01-03,9,12,21,24,31,8,9
14065,2014-01-06,1,4,5,19,26,1,6
14066,2014-01-08,10,20,22,29,35,3,9
14067,2014-01-10,1,15,25,26,30,4,9
14068,2014-01-13,8,11,18,22,24,4,5
14069,2014-01-15,9,11,13,20,25,8,11
14070,2014-01-17,2,8,18,30,32,3,5
14071,2014-01-20,2,21,22,25,26,10,12
14072,2014-01-22,11,15,18,24,27,2,4
14073,2014-01-24,8,9,25,32,34,8,10
14074,2014-01-26,16,24,25,32,34,1,9
14075,2014-01-29,6,13,24,26,29,6,7
14076,2014-01-31,11,13,19,27,30,8,11
14077,2014-02-02,7,11,24,33,34,3,9
14078,2014-02-05,2,7,23,32,34,3,6
14079,2014-02-07,9,13,19,22,26,7,10
14080,2014-02-09,20,25,27,34,35,4,6
14081,2014-02-12,1,13,20,24,30,6,12
14082,2014-02-14,11,15,23,31,33,6,10
14083,2014-02-16,13,20,26,29,31,4,5
14084,2014-02-18,12,15,20,22,34,1,9
14085,2014-02-21,1,14,21,26,30,6,10
14086,2014-02-23,6,10,26,30,31,7,12
14087,2014-02-25,13,27,29,31,32,9,12
14088,2014-02-28,5,10,21,29,33,2,5
14089,2014-03-02,18,21,24,29,32,3,5
14090,2014-03-04,2,8,29,33,35,5,11
14091,2014-03-07,7,19,21,32,34,6,8
14092,2014-03-09,6,14,17,22,32,9,10
14093,2014-03-11,2,14,20,30,33,1,2
14094,2014-03-13,8,9,11,23,32,5,7
14095,2014-03-16,2,3,14,17,27,6,11
14096,2014-03-18,1,14,22,29,35,5,7
14097,2014-03-20,5,9,13,28,32,2,5
14098,2014-03-23,9,17,18,23,32,11,12
14099,2014-03-25,4,7,9,15,16,7,12
14100,2014-03-27,11,20,26,27,32,2,8
14101,2014-03-30,10,11,28,30,31,2,4
14102,2014-04-01,2,14,17,19,34,1,10
14103,2014-04-03,5,8,15,31,32,9,10
14104,2014-04-05,8,14,17,19,34,4,11
14105,2014-04-08,15,17,21,22,32,3,12
14106,2014-04-10,1,8,17,31,33,1,8
14107,2014-04-12,5,27,30,32,33,3,4
14108,2014-04-15,11,12,22,28,31,7,9
14109,2014-04-17,1,9,17,20,25,2,10
14110,2014-04-19,2,13,16,21,27,5,11
14111,2014-04-22,3,11,12,23,30,6,10
14112,2014-04-24,20,24,25,27,34,3,9
14113,2014-04-26,8,12,18,27,31,3,6
14114,2014-04-28,2,3,11,20,30,3,9
14115,2014-05-01,3,5,10,20,26,7,9
14116,2014-05-03,1,2,5,20,33,1,5
14117,2014-05-05,5,7,14,16,34,10,12
14118,2014-05-08,8,9,11,28,31,5,12
14119,2014-05-10,1,2,8,10,14,8,9
14120,2014-05-12,1,9,13,31,34,1,9
14121,2014-05-15,7,12,19,22,23,2,11
14122,2014-05-17,2,14,20,27,30,3,6
14123,2014-05-19,6,8,9,23,26,2,7
14124,2014-05-21,1,8,14,19,34,2,7
14125,2014-05-24,3,4,12,25,31,10,11
14126,2014-05-26,3,6,15,19,23,2,4
14127,2014-05-28,4,19,23,26,27,6,9
14128,2014-05-31,2,19,20,22,34,5,8
14129,2014-06-02,2,12,16,32,33,4,9
14130,2014-06-04,4,15,19,29,32,1,12
14131,2014-06-07,2,10,13,14,34,9,10
14132,2014-06-09,4,6,12,17,31,6,7
14133,2014-06-11,4,6,11,24,34,6,9
14134,2014-06-13,7,11,13,28,29,6,10
14135,2014-06-16,6,8,13,27,30,2,6
14136,2014-06-18,10,12,16,20,26,8,9
14137,2014-06-20,2,3,7,15,22,3,10
14138,2014-06-23,1,7,19,30,31,5,8
14139,2014-06-25,1,9,12,13,17,3,8
14140,2014-06-27,4,17,27,29,34,8,9
14141,2014-06-30,9,10,12,22,30,8,10
14142,2014-07-02,3,19,28,32,33,9,10
14143,2014-07-04,10,11,14,31,32,6,8
14144,2014-07-06,9,21,22,24,35,1,11
14145,2014-07-09,9,17,20,27,35,3,4
14146,2014-07-11,7,11,12,21,27,4,11
14147,2014-07-13,7,20,30,31,32,3,11
14148,2014-07-16,8,22,23,27,35,1,5
14149,2014-07-18,1,10,22,30,34,6,8
14150,2014-07-20,1,2,21,30,34,1,8
15001,2014-07-23,17,26,29,31,33,8,9
15002,2014-07-25,5,12,18,32,35,1,9
15003,2014-07-27,9,13,16,24,26,5,8
15004,2014-07-29,4,15,20,24,32,2,6
15005,2014-08-01,2,3,19,20,35,4,6
15006,2014-08-03,18,21,28,31,32,4,12
15007,2014-08-05,7,14,24,27,35,5,6
15008,2014-08-08,1,2,23,32,34,6,7
15009,2014-08-10,2,7,11,24,28,4,5
15010,2014-08-12,2,19,22,25,32,5,7
15011,2014-08-15,7,15,21,27,33,3,10
15012,2014-08-17,13,17,20,29,33,3,4
15013,2014-08-19,7,9,28,30,34,5,7
15014,2014-08-21,5,9,23,30,34,1,9
15015,2014-08-24,2,11,27,29,35,3,11
15016,2014-08-26,2,3,9,28,31,5,7
15017,2014-08-28,11,23,24,29,31,1,5
15018,2014-08-31,1,8,22,29,31,5,9
15019,2014-09-02,4,6,16,26,31,7,11
15020,2014-09-04,3,7,12,21,23,5,10
15021,2014-09-07,13,15,20,26,34,3,5
15022,2014-09-09,6,11,13,16,30,10,11
15023,2014-09-11,1,16,19,28,35,6,11
15024,2014-09-13,1,10,17,24,33,10,11
15025,2014-09-16,1,6,7,14,29,1,9
15026,2014-09-18,1,19,23,27,33,4,8
15027,2014-09-20,7,18,27,28,32,10,12
15028,2014-09-23,1,14,24,31,34,7,12
15029,2014-09-25,16,17,19,28,35,6,10
15030,2014-09-27,4,8,11,20,35,2,3
15031,2014-09-30,4,11,22,30,34,8,12
15032,2014-10-02,1,10,24,25,33,2,12
15033,2014-10-04,3,20,30,31,33,11,12
15034,2014-10-06,12,15,26,27,29,1,12
15035,2014-10-09,3,8,14,15,20,1,6
15036,2014-10-11,7,19,27,28,35,6,8
15037,2014-10-13,15,23,27,28,31,3,5
15038,2014-10-16,11,15,17,22,35,2,11
15039,2014-10-18,2,3,20,27,33,1,9
15040,2014-10-20,3,6,8,14,15,5,6
15041,2014-10-23,21,22,24,27,31,1,8
15042,2014-10-25,5,11,22,25,28,1,11
15043,2014-10-27,4,12,20,31,33,1,12
15044,2014-10-29,4,9,15,21,29,3,9
15045,2014-11-01,13,14,27,28,32,9,12
15046,2014-11-03,11,18,29,30,32,3,4
15047,2014-11-05,11,20,30,33,35,4,12
15048,2014-11-08,14,20,21,22,27,8,11
15049,2014-11-10,6,20,23,24,25,1,11
15050,2014-11-12,4,8,10,18,19,3,5
15051,2014-11-15,2,12,18,19,27,5,9
15052,2014-11-17,7,21,22,25,35,6,8
15053,2014-11-19,1,7,12,13,17,6,8
15054,2014-11-21,3,14,16,20,26,1,12
15055,2014-11-24,4,17,31,32,34,1,5
15056,2014-11-26,5,13,16,19,25,1,11
15057,2014-11-28,5,6,16,22,31,5,7
15058,2014-12-01,7,11,12,19,31,1,5
15059,2014-12-03,9,18,25,27,35,2,10
15060,2014-12-05,7,9,13,15,25,8,11
15061,2014-12-08,8,15,25,31,34,2,10
15062,2014-12-10,9,11,25,30,31,2,4
15063,2014-12-12,7,16,18,22,23,4,11
15064,2014-12-14,4,18,26,29,30,8,9
15065,2014-12-17,3,13,25,29,30,5,8
15066,2014-12-19,5,7,25,27,35,6,7
15067,2014-12-21,9,10,15,21,33,1,8
15068,2014-12-24,5,7,11,17,23,1,10
15069,2014-12-26,12,16,20,23,35,3,4
15070,2014-12-28,6,7,14,23,27,11,12
15071,2014-12-31,13,26,27,31,32,2,3
15072,2015-01-02,13,19,22,26,32,8,11
15073,2015-01-04,2,4,13,24,28,7,9
15074,2015-01-06,3,12,24,31,32,6,7
15075,2015-01-09,1,9,30,32,35,2,5
15076,2015-01-11,4,15,22,28,33,10,11
15077,2015-01-13,1,2,16,17,18,3,5
15078,2015-01-16,7,11,23,27,28,2,12
15079,2015-01-18,2,4,13,21,24,5,7
15080,2015-01-20,2,8,21,23,30,3,5
15081,2015-01-23,5,9,28,30,31,7,8
15082,2015-01-25,3,9,15,18,35,8,12
15083,2015-01-27,12,18,20,24,33,3,4
15084,2015-01-29,12,18,20,27,30,1,8
15085,2015-02-01,1,10,17,22,23,1,11
15086,2015-02-03,2,3,7,16,24,4,7
15087,2015-02-05,4,18,19,20,28,3,10
15088,2015-02-08,9,17,30,32,33,2,6
15089,2015-02-10,5,17,18,22,28,11,12
15090,2015-02-12,2,3,12,13,26,5,10
15091,2015-02-15,2,4,12,16,27,1,7
15092,2015-02-17,6,16,22,33,35,2,9
15093,2015-02-19,2,5,20,21,25,2,6
15094,2015-02-21,2,8,20,27,34,1,12
15095,2015-02-24,8,13,16,30,32,2,4
15096,2015-02-26,3,10,12,26,30,10,11
15097,2015-02-28,2,5,8,18,34,4,5
15098,2015-03-03,2,15,16,28,35,7,10
15099,2015-03-05,7,12,19,20,26,3,11
15100,2015-03-07,5,8,26,28,29,7,12
15101,2015-03-10,3,9,17,22,23,2,6
15102,2015-03-12,9,24,26,31,33,5,9
15103,2015-03-14,7,19,22,28,34,5,9
15104,2015-03-16,10,15,18,25,30,1,8
15105,2015-03-19,9,10,27,28,35,4,7
15106,2015-03-21,7,17,18,25,34,7,11
15107,2015-03-23,2,3,7,28,35,10,12
15108,2015-03-26,13,18,24,29,34,4,11
15109,2015-03-28,3,5,17,27,29,2,5
15110,2015-03-30,3,8,24,25,31,4,10
15111,2015-04-02,2,3,4,14,19,5,8
15112,2015-04-04,1,15,25,27,35,4,10
15113,2015-04-06,12,13,21,24,35,2,5
15114,2015-04-08,2,16,17,19,33,8,9
15115,2015-04-11,5,12,14,16,21,6,12
15116,2015-04-13,12,15,21,23,34,1,8
15117,2015-04-15,4,15,27,30,31,6,12
15118,2015-04-18,11,13,29,30,31,4,7
15119,2015-04-20,1,17,29,33,34,8,12
15120,2015-04-22,1,6,20,23,28,2,9
15121,2015-04-25,4,25,28,31,35,6,12
15122,2015-04-27,6,7,22,23,35,6,9
15123,2015-04-29,2,4,6,20,25,1,9
15124,2015-05-01,6,17,18,30,33,3,7
15125,2015-05-04,13,15,18,25,30,3,9
15126,2015-05-06,5,11,18,30,32,1,4
15127,2015-05-08,2,3,17,25,35,1,11
15128,2015-05-11,2,14,16,27,34,5,9
15129,2015-05-13,2,10,11,14,33,6,11
15130,2015-05-15,11,15,26,28,33,3,11
15131,2015-05-18,7,12,14,17,30,2,5
15132,2015-05-20,8,10,12,17,24,2,9
15133,2015-05-22,2,5,25,30,32,7,12
15134,2015-05-24,1,2,4,14,33,10,12
15135,2015-05-27,4,7,15,19,29,2,5
15136,2015-05-29,6,10,26,27,31,8,10
15137,2015-05-31,11,12,16,25,29,2,11
15138,2015-06-03,4,10,18,19,35,5,12
15139,2015-06-05,2,3,5,15,18,1,2
15140,2015-06-07,6,11,16,28,29,1,5
15141,2015-06-10,9,12,22,25,33,5,11
15142,2015-06-12,9,12,18,25,31,7,12
15143,2015-06-14,2,12,21,24,33,7,9
15144,2015-06-16,1,7,17,23,35,6,11
15145,2015-06-19,8,17,23,30,32,1,10
15146,2015-06-21,1,9,12,19,22,2,4
15147,2015-06-23,2,8,27,28,30,2,8
15148,2015-06-26,5,13,19,30,31,5,9
15149,2015-06-28,5,8,12,27,30,6,7
15150,2015-06-30,1,2,12,16,22,5,6
16001,2015-07-03,4,11,12,20,34,2,6
16002,2015-07-05,11,12,16,25,32,4,7
16003,2015-07-07,4,8,22,23,34,1,9
16004,2015-07-09,4,7,17,22,24,4,6
16005,2015-07-12,6,11,13,23,35,1,5
16006,2015-07-14,2,6,10,17,30,3,10
16007,2015-07-16,10,18,24,25,28,6,10
16008,2015-07-19,1,21,24,29,34,2,12
16009,2015-07-21,4,6,8,13,17,9,12
16010,2015-07-23,3,14,16,24,26,1,7
16011,2015-07-26,17,19,20,28,29,4,6
16012,2015-07-28,3,4,16,18,23,1,3
16013,2015-07-30,11,12,13,23,25,2,9
16014,2015-08-01,3,5,19,31,35,4,11
16015,2015-08-04,6,7,9,13,22,2,6
16016,2015-08-06,4,6,18,26,29,4,12
16017,2015-08-08,6,11,16,23,35,4,12
16018,2015-08-11,5,16,24,27,28,9,11
16019,2015-08-13,3,6,7,19,28,7,11
16020,2015-08-15,10,14,18,19,23,8,12
16021,2015-08-18,4,5,10,25,29,1,12
16022,2015-08-20,3,7,11,25,32,3,9
16023,2015-08-22,2,3,16,18,24,1,6
16024,2015-08-24,8,11,28,31,33,6,10
16025,2015-08-27,3,9,11,20,29,3,12
16026,2015-08-29,3,7,27,28,31,2,9
16027,2015-08-31,5,6,11,18,34,1,2
16028,2015-09-03,2,16,23,29,31,1,12
16029,2015-09-05,6,10,29,30,34,1,7
16030,2015-09-07,2,20,21,26,29,5,7
16031,2015-09-10,9,18,20,22,34,2,12
16032,2015-09-12,2,3,4,10,14,3,4
16033,2015-09-14,2,7,10,12,22,1,10
16034,2015-09-16,19,22,27,33,34,4,8
16035,2015-09-19,12,17,25,27,32,2,12
16036,2015-09-21,2,5,8,22,26,5,10
16037,2015-09-23,12,18,24,30,33,6,12
16038,2015-09-26,10,16,28,34,35,8,11
16039,2015-09-28,22,24,26,28,29,6,10
16040,2015-09-30,3,12,24,27,30,9,12
16041,2015-10-03,3,5,13,16,23,1,11
16042,2015-10-05,2,4,10,27,33,2,5
16043,2015-10-07,2,7,15,23,27,2,10
16044,2015-10-09,14,16,18,20,21,3,10
16045,2015-10-12,2,10,17,20,32,2,6
16046,2015-10-14,1,15,16,24,29,3,4
16047,2015-10-16,1,12,14,16,35,3,9
16048,2015-10-19,12,16,25,29,35,4,6
16049,2015-10-21,1,3,8,10,33,2,7
16050,2015-10-23,1,4,9,16,32,3,10
16051,2015-10-26,4,13,22,27,34,4,11
16052,2015-10-28,3,15,28,30,33,1,8
16053,2015-10-30,3,17,18,24,30,4,9
16054,2015-11-01,6,7,21,25,29,2,11
16055,2015-11-04,1,16,17,19,21,2,3
16056,2015-11-06,6,16,23,30,35,4,10
16057,2015-11-08,17,18,23,24,28,5,6
16058,2015-11-11,1,17,27,31,33,2,3
16059,2015-11-13,1,5,10,23,25,2,7
16060,2015-11-15,12,20,29,31,34,6,7
16061,2015-11-18,8,12,16,19,32,3,4
16062,2015-11-20,1,4,12,29,34,9,10
16063,2015-11-22,3,5,12,24,33,3,11
16064,2015-11-24,9,15,20,30,32,7,10
16065,2015-11-27,9,27,28,30,31,1,2
16066,2015-11-29,21,22,26,31,32,7,8
16067,2015-12-01,10,19,22,26,31,1,4
16068,2015-12-04,13,14,24,26,28,1,12
16069,2015-12-06,4,11,14,32,34,10,12
16070,2015-12-08,2,8,30,31,34,1,3
16071,2015-12-11,4,12,15,18,31,3,9
16072,2015-12-13,5,6,21,23,25,4,11
16073,2015-12-15,3,4,26,34,35,2,11
16074,2015-12-17,10,14,26,29,34,3,10
16075,2015-12-20,5,8,15,21,23,2,4
16076,2015-12-22,8,12,16,24,32,6,8
16077,2015-12-24,8,12,13,15,17,1,2
16078,2015-12-27,11,12,17,28,33,3,7
16079,2015-12-29,12,13,15,25,30,8,11
16080,2015-12-31,4,6,9,16,28,3,12
16081,2016-01-03,8,14,15,18,20,4,5
16082,2016-01-05,10,15,29,31,32,4,6
16083,2016-01-07,5,6,18,20,23,1,10
16084,2016-01-09,14,16,23,26,32,6,9
16085,2016-01-12,9,15,21,28,29,1,4
16086,2016-01-14,4,12,21,25,28,3,12
16087,2016-01-16,5,11,14,22,30,2,5
16088,2016-01-19,5,7,10,30,33,5,8
16089,2016-01-21,1,19,20,29,35,5,11
16090,2016-01-23,1,14,17,24,30,6,11
16091,2016-01-26,5,11,14,21,27,7,12
16092,2016-01-28,10,15,25,28,35,7,10
16093,2016-01-30,2,4,5,29,33,9,12
16094,2016-02-01,1,15,17,20,29,5,9
16095,2016-02-04,3,4,14,15,18,4,12
16096,2016-02-06,1,2,4,14,21,6,12
16097,2016-02-08,4,9,12,17,23,4,6
16098,2016-02-11,11,24,29,32,33,7,9
16099,2016-02-13,2,20,22,29,35,2,9
16100,2016-02-15,2,9,12,15,26,1,5
16101,2016-02-18,7,8,23,25,28,5,8
16102,2016-02-20,2,4,5,16,21,3,11
16103,2016-02-22,2,13,20,24,31,1,10
16104,2016-02-24,1,11,12,16,24,1,6
16105,2016-02-27,3,6,19,24,26,6,10
16106,2016-02-29,3,11,14,25,34,1,9
16107,2016-03-02,5,24,31,32,34,2,7
16108,2016-03-05,11,16,19,20,33,4,5
16109,2016-03-07,1,12,25,34,35,5,7
16110,2016-03-09,17,19,24,26,31,2,3
16111,2016-03-12,4,18,20,23,25,4,8
16112,2016-03-14,6,16,23,26,31,2,10
16113,2016-03-16,4,9,27,34,35,4,12
16114,2016-03-18,3,7,10,14,21,4,6
16115,2016-03-21,7,12,15,16,24,7,12
16116,2016-03-23,3,6,9,16,20,2,12
16117,2016-03-25,1,6,11,17,21,6,7
16118,2016-03-28,2,25,30,33,34,3,12
16119,2016-03-30,15,20,26,30,31,1,2
16120,2016-04-01,13,22,28,31,34,1,7
16121,2016-04-04,8,17,23,26,28,5,11
16122,2016-04-06,2,5,9,13,19,6,10
16123,2016-04-08,8,12,20,21,31,4,10
16124,2016-04-10,1,10,11,15,30,5,12
16125,2016-04-13,5,8,28,34,35,3,4
16126,2016-04-15,6,13,18,24,28,4,9
16127,2016-04-17,2,15,17,23,32,5,12
16128,2016-04-20,5,6,8,12,22,3,10
16129,2016-04-22,3,13,23,27,31,2,5
16130,2016-04-24,15,21,25,29,33,8,11
16131,2016-04-27,4,8,16,27,30,5,11
16132,2016-04-29,16,21,28,30,33,9,10
16133,2016-05-01,5,14,16,25,30,3,5
16134,2016-05-03,1,2,8,9,17,8,10
16135,2016-05-06,12,15,21,32,33,10,12
16136,2016-05-08,8,19,29,30,34,4,6
16137,2016-05-10,2,14,18,20,31,7,10
16138,2016-05-13,1,3,4,18,31,3,7
16139,2016-05-15,5,14,23,24,27,5,8
16140,2016-05-17,2,13,19,31,32,2,3
16141,2016-05-20,10,13,18,24,28,8,12
16142,2016-05-22,2,20,28,34,35,3,11
16143,2016-05-24,3,5,16,30,32,1,2
16144,2016-05-26,6,7,9,20,24,11,12
16145,2016-05-29,1,5,15,22,31,6,11
16146,2016-05-31,10,13,23,29,33,6,8
16147,2016-06-02,1,20,22,25,27,2,9
16148,2016-06-05,3,10,23,29,35,2,9
16149,2016-06-07,3,7,13,18,21,3,4
16150,2016-06-09,1,2,16,25,33,1,12
17001,2016-06-12,5,8,10,22,25,6,7
17002,2016-06-14,2,5,8,26,29,5,6
17003,2016-06-16,14,17,18,27,35,5,9
17004,2016-06-18,3,4,13,14,33,2,10
17005,2016-06-21,2,14,15,18,26,5,12
17006,2016-06-23,1,4,15,21,31,4,8
17007,2016-06-25,7,11,15,17,32,6,9
17008,2016-06-28,8,12,13,21,35,3,10
17009,2016-06-30,4,13,14,24,29,7,8
17010,2016-07-02,6,7,15,16,35,1,11
17011,2016-07-05,7,8,10,14,32,7,9
17012,2016-07-07,1,6,18,26,34,1,5
17013,2016-07-09,6,13,25,28,29,6,8
17014,2016-07-11,3,14,15,21,26,2,10
17015,2016-07-14,1,4,11,27,32,9,10
17016,2016-07-16,12,17,33,34,35,8,12
17017,2016-07-18,7,9,14,15,35,2,11
17018,2016-07-21,3,8,11,17,21,2,3
17019,2016-07-23,17,23,27,28,33,3,10
17020,2016-07-25,4,7,8,20,34,4,5
17021,2016-07-28,11,12,27,28,30,2,6
17022,2016-07-30,17,21,29,32,35,2,11
17023,2016-08-01,13,21,23,28,29,8,9
17024,2016-08-03,1,11,30,32,34,5,10
17025,2016-08-06,7,17,18,28,32,1,5
17026,2016-08-08,1,14,26,30,33,1,10
17027,2016-08-10,11,17,18,19,30,7,9
17028,2016-08-13,2,17,19,20,23,1,8
17029,2016-08-15,13,19,22,23,33,6,8
17030,2016-08-17,2,4,23,27,34,9,11
17031,2016-08-20,6,7,17,20,24,2,10
17032,2016-08-22,8,16,21,33,34,10,12
17033,2016-08-24,1,4,22,33,34,4,9
17034,2016-08-26,6,7,23,25,28,2,11
17035,2016-08-29,3,11,22,28,32,2,12
17036,2016-08-31,9,11,19,23,29,3,7
17037,2016-09-02,1,13,22,30,35,2,10
17038,2016-09-05,7,11,13,19,34,2,7
17039,2016-09-07,10,13,20,34,35,9,12
17040,2016-09-09,2,17,22,27,32,9,10
17041,2016-09-12,1,2,12,21,30,3,5
17042,2016-09-14,15,18,23,26,29,3,7
17043,2016-09-16,4,6,11,26,35,5,11
17044,2016-09-18,6,20,21,23,30,3,10
17045,2016-09-21,2,6,24,26,33,4,9
17046,2016-09-23,4,6,13,22,29,1,6
17047,2016-09-25,8,18,26,30,33,4,8
17048,2016-09-28,6,8,12,15,33,8,9
17049,2016-09-30,9,12,18,27,30,6,8
17050,2016-10-02,1,2,6,10,13,1,11
17051,2016-10-05,2,6,8,21,34,7,12
17052,2016-10-07,19,23,32,33,34,3,4
17053,2016-10-09,1,5,14,16,25,3,9
17054,2016-10-11,8,12,17,20,27,2,5
17055,2016-10-14,4,17,27,30,31,10,12
17056,2016-10-16,7,12,15,17,35,1,12
17057,2016-10-18,2,16,17,25,31,2,12
17058,2016-10-21,1,3,17,24,33,1,5
17059,2016-10-23,2,4,25,33,35,1,5
17060,2016-10-25,9,10,20,26,27,4,5
17061,2016-10-28,3,12,27,28,30,3,6
17062,2016-10-30,1,5,19,21,29,7,10
17063,2016-11-01,3,9,22,23,27,3,7
17064,2016-11-03,7,8,26,28,30,5,9
17065,2016-11-06,11,14,17,21,22,4,8
17066,2016-11-08,4,11,25,29,32,1,9
17067,2016-11-10,3,4,14,20,27,5,9
17068,2016-11-13,10,11,12,27,33,4,8
17069,2016-11-15,10,19,23,31,34,3,5
17070,2016-11-17,3,10,16,20,23,3,4
17071,2016-11-20,8,13,20,23,35,10,11
17072,2016-11-22,4,12,13,14,22,5,11
17073,2016-11-24,3,4,15,16,28,7,8
17074,2016-11-26,2,10,23,25,27,5,11
17075,2016-11-29,7,9,20,27,33,3,9
17076,2016-12-01,14,15,17,19,24,5,7
17077,2016-12-03,5,8,9,12,20,6,9
17078,2016-12-06,3,8,20,22,30,7,12
17079,2016-12-08,8,14,20,28,32,9,11
17080,2016-12-10,21,25,29,31,34,4,11
17081,2016-12-13,3,19,22,25,29,5,8
17082,2016-12-15,19,22,25,26,30,8,12
17083,2016-12-17,3,16,17,26,35,5,11
17084,2016-12-19,3,4,16,21,25,5,6
17085,2016-12-22,8,11,23,30,32,2,12
17086,2016-12-24,3,23,27,28,30,2,11
17087,2016-12-26,17,22,28,32,35,4,12
17088,2016-12-29,7,10,15,20,26,4,12
17089,2016-12-31,3,6,11,28,33,1,7
17090,2017-01-02,4,11,26,33,35,7,8
17091,2017-01-05,11,19,23,25,35,4,11
17092,2017-01-07,1,8,17,21,34,9,10
17093,2017-01-09,3,5,15,29,31,1,12
17094,2017-01-11,3,16,19,24,28,9,11
17095,2017-01-14,6,26,27,28,35,8,9
17096,2017-01-16,11,19,24,33,34,3,4
17097,2017-01-18,15,17,18,31,34,3,6
17098,2017-01-21,6,7,11,23,29,8,12
17099,2017-01-23,5,23,27,28,34,1,4
17100,2017-01-25,8,11,14,23,29,2,4
17101,2017-01-28,11,12,25,33,35,3,5
17102,2017-01-30,1,11,14,19,32,9,12
17103,2017-02-01,9,10,14,23,26,2,10
17104,2017-02-03,10,13,16,27,31,3,12
17105,2017-02-06,15,23,24,30,33,7,9
17106,2017-02-08,6,12,15,24,26,7,10
17107,2017-02-10,1,20,22,27,32,3,10
17108,2017-02-13,9,16,21,23,35,1,12
17109,2017-02-15,5,10,13,20,33,9,11
17110,2017-02-17,10,12,21,24,34,1,5
17111,2017-02-20,3,11,12,16,23,2,11
17112,2017-02-22,1,14,27,32,34,2,6
17113,2017-02-24,7,14,29,33,34,1,9
17114,2017-02-26,21,22,30,32,35,9,10
17115,2017-03-01,6,8,20,24,32,6,8
17116,2017-03-03,3,10,13,23,25,5,8
17117,2017-03-05,20,22,24,29,31,5,7
17118,2017-03-08,2,7,23,30,34,1,12
17119,2017-03-10,2,12,20,23,25,3,9
17120,2017-03-12,1,13,22,27,29,7,10
17121,2017-03-15,4,15,25,29,33,4,10
17122,2017-03-17,7,9,22,28,35,2,7
17123,2017-03-19,3,7,15,20,25,5,8
17124,2017-03-21,8,15,17,27,35,3,5
17125,2017-03-24,11,13,29,31,33,3,4
17126,2017-03-26,15,16,17,23,33,2,7
17127,2017-03-28,2,7,11,19,32,1,2
17128,2017-03-31,5,9,17,23,26,1,12
17129,2017-04-02,12,15,20,29,34,7,9
17130,2017-04-04,1,7,26,33,35,2,3
17131,2017-04-07,4,10,27,31,34,4,9
17132,2017-04-09,9,10,16,25,26,11,12
17133,2017-04-11,2,22,24,26,30,3,7
17134,2017-04-13,1,3,12,13,26,4,7
17135,2017-04-16,1,4,10,23,29,1,10
17136,2017-04-18,4,19,27,28,29,5,6
17137,2017-04-20,6,11,18,21,34,10,12
17138,2017-04-23,7,9,19,21,24,1,10
17139,2017-04-25,2,13,19,20,34,1,11
17140,2017-04-27,10,27,29,33,34,1,5
17141,2017-04-30,4,5,9,22,28,5,12
17142,2017-05-02,13,15,24,28,33,5,8
17143,2017-05-04,2,20,24,28,34,5,9
17144,2017-05-06,3,7,8,30,31,1,6
17145,2017-05-09,1,3,8,16,22,2,9
17146,2017-05-11,1,15,29,30,33,5,6
17147,2017-05-13,4,6,11,20,25,2,9
17148,2017-05-16,16,21,24,30,32,3,5
17149,2017-05-18,3,7,9,16,19,11,12
17150,2017-05-20,9,17,22,26,32,1,4
18001,2017-05-23,10,11,27,29,35,2,8
18002,2017-05-25,8,20,26,33,34,3,4
18003,2017-05-27,6,11,14,22,34,5,12
18004,2017-05-29,11,21,23,25,26,8,9
18005,2017-06-01,1,6,17,21,32,2,4
18006,2017-06-03,11,13,18,21,26,9,12
18007,2017-06-05,11,13,16,26,30,7,9
18008,2017-06-08,1,3,14,23,35,4,6
18009,2017-06-10,2,3,6,31,35,2,11
18010,2017-06-12,19,22,23,25,26,2,12
18011,2017-06-15,3,18,23,27,34,6,12
18012,2017-06-17,6,8,19,23,26,6,11
18013,2017-06-19,3,14,15,24,32,8,12
18014,2017-06-21,3,4,13,23,25,5,9
18015,2017-06-24,11,12,24,25,26,7,12
18016,2017-06-26,15,20,22,28,29,3,11
18017,2017-06-28,7,9,10,16,25,4,12
18018,2017-07-01,2,14,20,32,34,5,9
18019,2017-07-03,11,17,25,28,35,5,9
18020,2017-07-05,6,10,11,31,34,2,12
18021,2017-07-08,3,5,10,16,28,10,12
18022,2017-07-10,7,9,22,33,35,4,9
18023,2017-07-12,6,11,20,21,33,4,6
18024,2017-07-14,7,9,11,33,35,3,12
18025,2017-07-17,2,3,8,26,31,9,10
18026,2017-07-19,11,12,13,17,19,4,11
18027,2017-07-21,9,13,15,19,23,5,6
18028,2017-07-24,3,11,12,18,27,3,10
18029,2017-07-26,3,17,25,29,34,8,9
18030,2017-07-28,7,18,23,30,34,1,8
18031,2017-07-31,8,9,12,21,27,1,11
18032,2017-08-02,7,10,13,17,28,10,12
18033,2017-08-04,2,15,22,31,34,2,4
18034,2017-08-06,7,10,13,23,25,2,5
18035,2017-08-09,12,21,27,28,35,8,11
18036,2017-08-11,4,6,7,8,32,4,6
18037,2017-08-13,7,9,11,22,35,1,10
18038,2017-08-16,2,11,13,30,33,2,12
18039,2017-08-18,13,17,27,30,35,3,7
18040,2017-08-20,17,19,24,26,32,6,9
18041,2017-08-23,9,10,12,25,34,5,8
18042,2017-08-25,2,7,12,13,23,4,10
18043,2017-08-27,12,24,25,26,31,1,10
18044,2017-08-29,1,8,9,14,33,6,11
18045,2017-09-01,14,17,22,28,35,10,11
18046,2017-09-03,7,11,12,23,32,1,7
18047,2017-09-05,3,9,17,25,32,9,12
18048,2017-09-08,2,8,16,28,34,7,10
18049,2017-09-10,1,9,11,23,33,5,6
18050,2017-09-12,11,19,22,23,29,6,10
18051,2017-09-15,3,15,18,21,26,6,9
18052,2017-09-17,10,12,14,25,27,5,9
18053,2017-09-19,1,4,24,27,30,4,5
18054,2017-09-21,8,10,11,23,27,9,10
18055,2017-09-24,3,8,20,27,30,5,6
18056,2017-09-26,3,7,8,20,27,7,11
18057,2017-09-28,3,19,20,32,35,4,11
18058,2017-10-01,9,11,14,20,34,6,11
18059,2017-10-03,3,8,23,24,32,6,9
18060,2017-10-05,8,10,11,12,34,2,7
18061,2017-10-08,8,10,11,21,30,9,12
18062,2017-10-10,9,24,28,33,34,3,8
18063,2017-10-12,8,10,22,29,30,2,6
18064,2017-10-14,1,9,22,23,33,7,8
18065,2017-10-17,3,8,21,25,34,2,10
18066,2017-10-19,2,18,30,32,33,3,4
18067,2017-10-21,6,9,12,21,33,2,10
18068,2017-10-24,1,7,28,29,32,10,12
18069,2017-10-26,5,6,15,19,33,3,4
18070,2017-10-28,5,7,12,21,35,9,11
18071,2017-10-31,3,11,17,20,23,5,8
18072,2017-11-02,10,15,16,19,28,2,3
18073,2017-11-04,1,7,8,18,25,3,11
18074,2017-11-06,12,19,23,34,35,2,3
18075,2017-11-09,1,5,6,11,35,1,5
18076,2017-11-11,6,11,24,31,34,1,11
18077,2017-11-13,1,3,7,15,22,2,9
18078,2017-11-16,1,9,11,12,20,2,5
18079,2017-11-18,11,18,25,30,31,1,6
18080,2017-11-20,5,20,23,25,33,2,10
18081,2017-11-23,6,8,12,17,23,1,10
18082,2017-11-25,1,11,18,28,29,7,12
18083,2017-11-27,2,9,10,16,19,4,11
18084,2017-11-29,2,11,26,29,33,11,12
18085,2017-12-02,16,17,21,29,30,6,8
18086,2017-12-04,3,4,11,23,33,6,10
18087,2017-12-06,3,4,16,23,28,5,11
18088,2017-12-09,4,19,24,31,32,2,3
18089,2017-12-11,3,4,8,18,24,3,5
18090,2017-12-13,8,16,19,26,31,7,11
18091,2017-12-16,10,12,17,24,26,8,12
18092,2017-12-18,1,9,19,23,27,5,10
18093,2017-12-20,1,6,12,30,31,6,10
18094,2017-12-22,1,10,15,18,33,3,11
18095,2017-12-25,1,3,11,21,23,10,12
18096,2017-12-27,14,17,18,19,31,2,4
18097,2017-12-29,1,5,8,13,22,2,11
18098,2018-01-01,4,13,15,31,32,1,11
18099,2018-01-03,17,28,29,31,32,1,5
18100,2018-01-05,8,15,22,27,28,4,12
18101,2018-01-08,21,24,25,31,35,8,12
18102,2018-01-10,2,3,13,20,23,2,5
18103,2018-01-12,10,14,21,28,29,2,11
18104,2018-01-14,16,26,29,30,34,2,12
18105,2018-01-17,2,3,20,27,29,2,11
18106,2018-01-19,1,5,9,29,30,9,11
18107,2018-01-21,7,17,20,25,32,2,11
18108,2018-01-24,16,25,26,32,35,6,9
18109,2018-01-26,2,4,22,26,27,6,11
18110,2018-01-28,2,5,7,13,23,3,8
18111,2018-01-31,3,11,12,22,24,5,7
18112,2018-02-02,3,5,13,16,28,2,5
18113,2018-02-04,1,3,6,15,28,3,10
18114,2018-02-06,1,18,22,23,24,7,11
18115,2018-02-09,6,14,18,19,24,4,5
18116,2018-02-11,7,10,18,23,29,1,5
18117,2018-02-13,2,8,9,25,28,8,12
18118,2018-02-16,7,10,16,18,19,3,9
18119,2018-02-18,2,10,11,24,26,7,12
18120,2018-02-20,1,15,18,22,32,2,4
18121,2018-02-23,12,14,17,26,32,11,12
18122,2018-02-25,11,14,17,19,35,1,4
18123,2018-02-27,2,8,11,20,33,3,5
18124,2018-03-01,7,15,21,24,27,1,10
18125,2018-03-04,1,3,7,24,31,6,8
18126,2018-03-06,10,18,19,31,34,1,2
18127,2018-03-08,9,21,27,31,33,3,6
18128,2018-03-11,8,28,31,33,35,1,8
18129,2018-03-13,3,22,25,27,33,8,11
18130,2018-03-15,7,8,10,16,34,2,6
18131,2018-03-18,9,21,23,28,31,4,9
18132,2018-03-20,2,14,22,27,33,10,12
18133,2018-03-22,11,13,22,25,28,1,12
18134,2018-03-24,4,12,13,22,34,1,5
18135,2018-03-27,5,7,13,31,34,5,6
18136,2018-03-29,8,17,19,25,30,4,8
18137,2018-03-31,2,7,8,17,31,4,10
18138,2018-04-03,1,10,13,16,17,4,11
18139,2018-04-05,5,8,22,23,28,3,4
18140,2018-04-07,6,12,16,29,34,4,10
18141,2018-04-10,3,10,11,18,24,5,6
18142,2018-04-12,2,8,11,19,20,10,12
18143,2018-04-14,23,27,30,32,34,4,10
18144,2018-04-16,5,9,10,25,34,3,10
18145,2018-04-19,8,12,16,20,30,6,12
18146,2018-04-21,10,11,15,19,21,1,5
18147,2018-04-23,4,5,22,30,32,9,12
18148,2018-04-26,3,6,16,25,28,4,11
18149,2018-04-28,2,18,20,27,28,2,4
18150,2018-04-30,3,18,25,29,30,3,5
19001,2018-05-03,15,17,30,32,35,1,9
19002,2018-05-05,10,13,20,21,24,3,7
19003,2018-05-07,6,9,14,28,30,1,11
19004,2018-05-09,15,20,21,29,32,7,10
19005,2018-05-12,7,20,21,26,27,7,12
19006,2018-05-14,16,20,21,23,30,2,6
19007,2018-05-16,4,5,16,27,29,4,5
19008,2018-05-19,11,15,18,24,28,2,5
19009,2018-05-21,8,11,15,21,33,3,7
19010,2018-05-23,9,18,19,31,33,1,4
19011,2018-05-26,12,19,32,33,35,4,5
19012,2018-05-28,3,5,10,11,17,2,6
19013,2018-05-30,9,11,13,27,29,4,5
19014,2018-06-01,9,17,19,24,30,5,9
19015,2018-06-04,2,5,6,8,24,4,11
19016,2018-06-06,10,16,25,26,35,3,12
19017,2018-06-08,9,23,25,29,32,5,11
19018,2018-06-11,5,7,26,30,32,8,10
19019,2018-06-13,8,10,15,25,28,1,9
19020,2018-06-15,4,5,8,18,26,2,3
19021,2018-06-18,2,17,26,27,34,1,8
19022,2018-06-20,9,11,15,26,34,1,9
19023,2018-06-22,9,11,22,24,29,4,7
19024,2018-06-24,5,9,18,21,24,7,8
19025,2018-06-27,11,17,22,23,28,2,9
19026,2018-06-29,6,15,22,31,34,3,6
19027,2018-07-01,1,9,24,25,28,2,8
19028,2018-07-04,4,12,19,20,33,4,12
19029,2018-07-06,2,5,22,29,30,2,11
19030,2018-07-08,11,14,19,27,35,10,11
19031,2018-07-11,1,13,18,24,26,8,12
19032,2018-07-13,8,9,29,30,35,11,12
19033,2018-07-15,1,10,11,25,27,8,9
19034,2018-07-17,11,16,17,28,31,6,7
19035,2018-07-20,12,15,19,28,31,5,7
19036,2018-07-22,2,3,15,22,31,4,6
19037,2018-07-24,5,10,15,29,35,3,10
19038,2018-07-27,2,4,13,19,27,3,5
19039,2018-07-29,3,10,15,24,26,3,9
19040,2018-07-31,1,3,6,23,27,2,7
19041,2018-08-03,5,7,15,17,35,8,12
19042,2018-08-05,2,15,23,34,35,2,3
19043,2018-08-07,1,3,7,13,34,3,6
19044,2018-08-09,7,23,26,30,35,2,7
19045,2018-08-12,1,4,9,13,16,1,6
19046,2018-08-14,10,22,25,28,31,2,11
19047,2018-08-16,3,9,17,27,32,4,5
19048,2018-08-19,16,17,20,25,26,5,11
19049,2018-08-21,15,19,26,31,33,4,8
19050,2018-08-23,1,15,17,28,31,3,9
19051,2018-08-26,6,23,28,31,33,5,9
19052,2018-08-28,3,4,7,30,33,7,10
19053,2018-08-30,3,14,25,28,30,1,2
19054,2018-09-01,3,4,25,29,34,4,6
19055,2018-09-04,7,11,17,21,27,5,8
19056,2018-09-06,2,11,12,13,26,4,5
19057,2018-09-08,7,8,22,27,33,1,6
19058,2018-09-11,5,21,22,30,31,1,7
19059,2018-09-13,11,12,14,19,26,1,9
19060,2018-09-15,1,7,16,21,27,6,7
19061,2018-09-18,8,14,22,23,30,7,9
19062,2018-09-20,14,15,17,32,34,5,6
19063,2018-09-22,1,9,18,21,31,1,8
19064,2018-09-24,4,10,29,32,35,11,12
19065,2018-09-27,7,15,21,28,31,5,7
19066,2018-09-29,1,6,8,25,30,5,7
19067,2018-10-01,4,9,17,27,31,7,10
19068,2018-10-04,4,13,18,21,25,2,12
19069,2018-10-06,12,14,21,32,35,3,10
19070,2018-10-08,2,5,7,28,29,11,12
19071,2018-10-11,1,5,18,19,33,5,8
19072,2018-10-13,4,6,22,23,34,2,9
19073,2018-10-15,9,12,18,26,30,4,10
19074,2018-10-17,17,20,22,24,33,3,10
19075,2018-10-20,18,24,27,34,35,9,10
19076,2018-10-22,7,17,21,23,24,4,9
19077,2018-10-24,4,15,17,21,30,8,9
19078,2018-10-27,4,6,12,26,27,1,9
19079,2018-10-29,7,11,20,27,33,5,7
19080,2018-10-31,7,9,14,26,35,7,10
19081,2018-11-03,14,16,28,34,35,2,9
19082,2018-11-05,1,5,15,16,21,4,5
19083,2018-11-07,6,10,11,29,34,7,12
19084,2018-11-09,5,6,7,12,16,2,7
19085,2018-11-12,18,27,28,29,31,1,11
19086,2018-11-14,1,7,9,31,32,1,11
19087,2018-11-16,11,14,20,31,32,4,8
19088,2018-11-19,2,10,13,14,15,8,12
19089,2018-11-21,4,13,21,29,35,3,9
19090,2018-11-23,1,25,29,30,35,6,7
19091,2018-11-26,10,18,23,29,32,7,12
19092,2018-11-28,16,18,23,27,28,1,9
19093,2018-11-30,16,18,33,34,35,6,9
19094,2018-12-02,10,11,19,27,30,2,7
19095,2018-12-05,8,9,13,17,28,10,11
19096,2018-12-07,6,7,13,16,26,2,4
19097,2018-12-09,4,8,11,18,21,9,10
19098,2018-12-12,18,21,27,32,35,3,6
19099,2018-12-14,8,10,12,19,25,6,12
19100,2018-12-16,3,4,5,13,34,2,8
19101,2018-12-19,1,3,10,33,34,4,5
19102,2018-12-21,6,16,20,26,32,4,9
19103,2018-12-23,1,7,14,28,32,3,6
19104,2018-12-25,14,21,27,30,35,6,7
19105,2018-12-28,4,8,13,19,28,4,8
19106,2018-12-30,4,9,17,19,35,1,3
19107,2019-01-01,1,7,24,31,35,1,10
19108,2019-01-04,1,6,11,28,30,3,12
19109,2019-01-06,4,15,19,22,34,7,9
19110,2019-01-08,4,7,8,15,28,4,8
19111,2019-01-11,2,13,20,28,31,8,10
19112,2019-01-13,11,17,22,33,34,2,7
19113,2019-01-15,9,12,14,18,21,3,6
19114,2019-01-17,3,5,8,24,30,10,12
19115,2019-01-20,3,13,26,31,34,4,11
19116,2019-01-22,9,25,26,31,32,2,12
19117,2019-01-24,6,19,20,28,29,11,12
19118,2019-01-27,4,14,23,33,34,1,6
19119,2019-01-29,6,11,12,14,21,8,12
19120,2019-01-31,4,14,15,19,21,8,11
19121,2019-02-03,11,18,19,22,28,4,9
19122,2019-02-05,10,18,25,33,35,8,11
19123,2019-02-07,1,3,16,23,31,1,8
19124,2019-02-09,6,7,9,10,14,7,10
19125,2019-02-12,5,18,22,24,33,2,3
19126,2019-02-14,2,4,17,25,33,8,12
19127,2019-02-16,1,5,28,29,30,5,6
19128,2019-02-19,3,7,12,15,19,6,8
19129,2019-02-21,1,9,12,14,35,4,7
19130,2019-02-23,6,8,17,18,25,2,12
19131,2019-02-26,4,7,14,20,35,2,6
19132,2019-02-28,1,6,13,14,28,3,12
19133,2019-03-02,2,6,18,21,22,1,11
19134,2019-03-04,22,26,30,31,32,2,4
19135,2019-03-07,7,13,22,25,27,7,9
19136,2019-03-09,12,14,16,26,31,8,11
19137,2019-03-11,14,18,19,23,28,10,11
19138,2019-03-14,6,10,16,20,21,5,10
19139,2019-03-16,17,19,22,24,25,3,5
19140,2019-03-18,1,19,20,21,33,3,12
19141,2019-03-21,3,4,12,24,27,4,6
19142,2019-03-23,1,8,10,14,32,6,9
19143,2019-03-25,2,5,13,19,34,5,11
19144,2019-03-27,9,11,17,27,35,2,3
19145,2019-03-30,5,16,20,22,26,1,5
19146,2019-04-01,9,19,28,34,35,1,8
19147,2019-04-03,2,9,27,29,35,9,12
19148,2019-04-06,1,19,24,29,32,2,6
19149,2019-04-08,13,15,27,31,35,11,12
19150,2019-04-10,3,5,11,30,33,7,12
20001,2019-04-13,3,10,16,20,35,4,9
20002,2019-04-15,6,10,22,23,26,5,12
20003,2019-04-17,2,8,14,28,30,6,9
20004,2019-04-19,5,7,8,20,33,1,3
20005,2019-04-22,6,7,19,29,35,3,5
20006,2019-04-24,3,7,8,15,28,2,7
20007,2019-04-26,2,4,18,23,34,3,7
20008,2019-04-29,3,16,22,29,35,1,12
20009,2019-05-01,2,3,18,19,28,6,8
20010,2019-05-03,14,15,19,20,23,3,5
20011,2019-05-06,16,22,26,27,33,1,7
20012,2019-05-08,10,12,14,16,22,7,12
20013,2019-05-10,2,15,18,22,24,6,11
20014,2019-05-12,5,10,12,27,28,6,12
20015,2019-05-15,9,10,13,27,33,6,8
20016,2019-05-17,4,5,10,21,24,6,7
20017,2019-05-19,5,11,13,17,18,4,6
20018,2019-05-22,12,15,28,30,32,7,9
20019,2019-05-24,4,5,9,13,18,2,4
20020,2019-05-26,10,17,18,24,32,10,12
20021,2019-05-29,12,21,25,26,27,4,12
20022,2019-05-31,1,21,24,27,28,8,11
20023,2019-06-02,11,18,23,27,30,6,10
20024,2019-06-04,3,10,31,33,35,1,3
20025,2019-06-07,21,23,24,28,35,9,12
20026,2019-06-09,2,12,23,24,32,4,6
20027,2019-06-11,2,7,11,23,33,1,9
20028,2019-06-14,18,27,28,29,35,5,9
20029,2019-06-16,7,9,11,33,35,4,10
20030,2019-06-18,10,19,30,31,33,5,6
20031,2019-06-21,6,11,14,19,32,2,11
20032,2019-06-23,1,2,4,25,32,1,6
20033,2019-06-25,4,8,13,18,33,5,7
20034,2019-06-27,1,7,9,24,33,9,11
20035,2019-06-30,1,10,19,23,35,4,11
20036,2019-07-02,8,21,24,25,35,1,8
20037,2019-07-04,7,13,21,25,33,1,9
20038,2019-07-07,3,7,10,25,26,3,9
20039,2019-07-09,16,17,28,30,35,1,9
20040,2019-07-11,7,8,17,24,27,11,12
20041,2019-07-14,9,17,21,23,26,4,7
20042,2019-07-16,11,25,26,27,34,1,5
20043,2019-07-18,6,16,18,30,34,11,12
20044,2019-07-20,5,15,17,20,26,2,10
20045,2019-07-23,10,16,26,27,29,7,8
20046,2019-07-25,3,16,17,18,31,2,4
20047,2019-07-27,15,16,24,26,32,2,6
20048,2019-07-30,3,4,17,26,28,2,6
20049,2019-08-01,3,7,10,18,25,3,9
20050,2019-08-03,11,16,26,32,34,3,8
