issue,date,red01,red02,red03,red04,red05,red06,blue
03001,2003-02-01,5,10,17,19,20,31,2
03002,2003-02-03,1,6,10,11,15,26,6
03003,2003-02-05,1,13,14,17,18,21,8
03004,2003-02-07,3,6,10,18,23,29,5
03005,2003-02-10,18,21,23,24,28,31,1
03006,2003-02-12,7,9,11,15,24,27,2
03007,2003-02-14,2,3,17,20,21,25,11
03008,2003-02-17,5,6,11,20,29,31,9
03009,2003-02-19,4,6,17,18,24,30,10
03010,2003-02-21,1,11,20,26,31,32,1
03011,2003-02-24,2,12,13,17,20,28,11
03012,2003-02-26,10,11,18,26,27,29,4
03013,2003-02-28,2,7,17,19,21,32,2
03014,2003-03-02,9,11,17,25,27,31,14
03015,2003-03-05,7,14,17,25,30,31,8
03016,2003-03-07,6,11,12,28,32,33,6
03017,2003-03-09,5,11,14,15,20,32,10
03018,2003-03-12,1,4,5,16,19,26,11
03019,2003-03-14,1,6,12,30,31,32,10
03020,2003-03-16,5,10,15,20,31,33,13
03021,2003-03-19,1,7,13,15,27,31,3
03022,2003-03-21,1,3,6,10,12,19,7
03023,2003-03-23,1,2,17,26,27,28,7
03024,2003-03-25,1,5,10,12,15,27,7
03025,2003-03-28,8,13,17,23,25,28,8
03026,2003-03-30,6,7,19,20,26,33,2
03027,2003-04-01,4,9,10,11,24,27,10
03028,2003-04-04,6,9,13,19,20,28,5
03029,2003-04-06,1,18,19,24,27,32,3
03030,2003-04-08,9,12,16,19,22,31,3
03031,2003-04-11,6,9,20,23,25,31,9
03032,2003-04-13,4,7,14,18,22,26,8
03033,2003-04-15,15,16,22,23,28,29,1
03034,2003-04-17,1,7,10,15,25,32,15
03035,2003-04-20,2,11,25,28,32,33,15
03036,2003-04-22,7,14,17,18,22,29,5
03037,2003-04-24,4,7,18,24,25,29,5
03038,2003-04-27,2,4,8,12,19,25,7
03039,2003-04-29,3,5,10,27,29,32,6
03040,2003-05-01,4,6,10,19,23,33,3
03041,2003-05-04,3,12,19,20,22,28,16
03042,2003-05-06,16,21,22,29,30,32,10
03043,2003-05-08,4,14,15,16,23,29,7
03044,2003-05-10,2,16,21,28,30,33,11
03045,2003-05-13,1,9,19,20,21,29,13
03046,2003-05-15,1,3,8,10,17,27,7
03047,2003-05-17,5,17,20,22,29,33,8
03048,2003-05-20,4,5,9,16,28,29,7
03049,2003-05-22,4,10,15,22,25,33,16
03050,2003-05-24,1,2,5,18,24,33,3
03051,2003-05-27,3,6,18,23,28,30,9
03052,2003-05-29,3,13,20,23,24,32,2
03053,2003-05-31,5,9,13,14,17,28,3
03054,2003-06-02,1,12,18,21,22,33,1
03055,2003-06-05,1,8,15,16,18,24,3
03056,2003-06-07,6,8,18,21,25,27,5
03057,2003-06-09,6,11,12,15,20,30,12
03058,2003-06-12,4,9,14,18,25,29,11
03059,2003-06-14,9,11,15,17,30,33,9
03060,2003-06-16,15,19,20,28,29,32,11
03061,2003-06-19,4,12,13,19,24,27,16
03062,2003-06-21,1,19,21,27,30,33,13
03063,2003-06-23,6,23,24,27,28,31,6
03064,2003-06-25,7,10,13,22,24,29,8
03065,2003-06-28,1,11,18,20,21,33,3
03066,2003-06-30,1,3,8,13,15,28,1
03067,2003-07-02,12,13,18,23,26,31,11
03068,2003-07-05,2,4,5,16,27,32,5
03069,2003-07-07,16,19,22,25,29,32,5
03070,2003-07-09,1,2,7,8,23,29,5
03071,2003-07-12,2,10,19,20,21,27,10
03072,2003-07-14,5,6,15,19,22,33,3
03073,2003-07-16,5,7,8,10,12,18,10
03074,2003-07-18,7,14,20,21,26,32,11
03075,2003-07-21,1,6,13,23,31,32,10
03076,2003-07-23,12,19,24,25,27,32,6
03077,2003-07-25,1,8,18,21,25,33,6
03078,2003-07-28,2,3,6,19,29,32,14
03079,2003-07-30,1,3,10,16,21,23,7
03080,2003-08-01,12,17,20,21,24,30,8
03081,2003-08-04,5,13,14,31,32,33,16
03082,2003-08-06,7,17,18,20,27,32,13
03083,2003-08-08,3,4,7,10,11,23,2
03084,2003-08-10,2,3,4,9,16,17,3
03085,2003-08-13,9,12,14,21,25,30,4
03086,2003-08-15,8,15,21,23,24,27,12
03087,2003-08-17,1,2,15,22,26,32,2
03088,2003-08-20,3,9,10,23,31,32,6
03089,2003-08-22,2,3,19,29,32,33,14
03090,2003-08-24,16,27,28,29,30,31,1
03091,2003-08-27,1,5,6,21,23,27,8
03092,2003-08-29,1,8,16,19,21,29,14
03093,2003-08-31,1,4,8,17,20,30,9
03094,2003-09-02,4,13,21,24,28,29,6
03095,2003-09-05,10,11,16,19,28,33,11
03096,2003-09-07,3,4,20,21,23,26,13
03097,2003-09-09,3,14,15,25,28,30,3
03098,2003-09-12,1,2,7,20,21,22,8
03099,2003-09-14,4,12,13,18,29,33,5
03100,2003-09-16,1,9,11,21,25,27,16
03101,2003-09-19,7,9,15,21,28,29,8
03102,2003-09-21,4,7,14,21,30,31,8
03103,2003-09-23,2,15,24,25,28,33,7
03104,2003-09-25,4,5,12,21,25,29,12
03105,2003-09-28,1,11,20,25,27,33,15
03106,2003-09-30,4,11,15,18,26,33,5
03107,2003-10-02,11,14,16,21,24,27,14
03108,2003-10-05,7,9,10,13,14,15,9
03109,2003-10-07,5,14,24,26,28,32,9
03110,2003-10-09,3,15,17,18,20,26,14
03111,2003-10-12,7,11,17,28,31,32,13
03112,2003-10-14,5,12,13,24,28,30,4
03113,2003-10-16,1,5,11,15,18,25,4
03114,2003-10-18,2,6,8,10,15,32,12
03115,2003-10-21,1,2,9,10,11,14,15
03116,2003-10-23,13,14,17,25,27,30,10
03117,2003-10-25,2,16,19,21,22,32,1
03118,2003-10-28,6,7,12,15,29,30,3
03119,2003-10-30,7,9,18,20,29,33,6
03120,2003-11-01,6,8,13,21,24,30,1
03121,2003-11-04,9,19,21,22,24,30,13
03122,2003-11-06,2,13,20,21,24,29,4
03123,2003-11-08,10,15,16,19,28,33,13
03124,2003-11-10,6,8,9,24,31,33,12
03125,2003-11-13,1,4,5,9,31,32,12
03126,2003-11-15,1,5,24,27,28,30,7
03127,2003-11-17,15,17,21,22,23,30,13
03128,2003-11-20,7,12,19,23,24,33,6
03129,2003-11-22,8,9,12,14,19,32,12
03130,2003-11-24,7,10,11,12,18,23,6
03131,2003-11-27,1,2,5,11,29,33,7
03132,2003-11-29,2,4,12,15,24,33,9
03133,2003-12-01,1,2,9,13,17,21,14
03134,2003-12-03,5,17,21,27,28,32,4
03135,2003-12-06,4,9,10,12,22,24,8
03136,2003-12-08,10,13,20,22,31,32,15
03137,2003-12-10,3,4,16,18,23,30,3
03138,2003-12-13,1,2,8,15,16,21,13
03139,2003-12-15,7,9,22,27,29,31,11
03140,2003-12-17,1,15,16,24,26,29,7
03141,2003-12-20,2,7,12,30,31,33,9
03142,2003-12-22,1,13,19,26,27,30,8
03143,2003-12-24,2,5,11,16,21,24,3
03144,2003-12-26,2,12,15,22,27,31,7
03145,2003-12-29,1,9,13,21,28,30,2
03146,2003-12-31,3,11,13,22,26,29,15
03147,2004-01-02,2,3,19,22,23,26,10
03148,2004-01-05,11,15,20,30,32,33,12
03149,2004-01-07,1,5,12,29,31,33,11
03150,2004-01-09,12,15,18,21,26,28,10
03151,2004-01-12,11,26,27,28,30,32,9
03152,2004-01-14,9,16,25,27,30,31,5
03153,2004-01-16,1,12,15,18,29,30,15
03154,2004-01-18,5,20,22,23,26,31,5
04001,2004-01-21,2,4,7,9,14,33,8
04002,2004-01-23,8,20,21,24,27,30,16
04003,2004-01-25,6,19,21,27,28,30,15
04004,2004-01-28,6,11,17,21,22,24,1
04005,2004-01-30,5,12,22,24,31,32,10
04006,2004-02-01,1,13,23,24,30,31,1
04007,2004-02-04,1,7,11,21,30,31,14
04008,2004-02-06,12,18,21,22,26,30,9
04009,2004-02-08,7,13,19,26,28,29,1
04010,2004-02-10,15,21,25,26,29,33,16
04011,2004-02-13,12,14,21,24,31,33,16
04012,2004-02-15,1,2,10,12,16,25,3
04013,2004-02-17,3,5,13,15,26,33,16
04014,2004-02-20,9,13,15,19,28,32,16
04015,2004-02-22,8,15,16,18,26,27,4
04016,2004-02-24,5,7,21,25,30,31,4
04017,2004-02-27,3,6,9,13,19,27,11
04018,2004-02-29,9,16,18,30,31,32,11
04019,2004-03-02,3,13,18,24,25,33,6
04020,2004-03-04,1,3,12,15,20,22,3
04021,2004-03-07,4,6,7,11,15,16,16
04022,2004-03-09,8,27,29,31,32,33,2
04023,2004-03-11,1,3,16,26,28,30,7
04024,2004-03-14,1,7,18,23,24,33,1
04025,2004-03-16,1,3,10,11,12,27,3
04026,2004-03-18,3,11,15,19,20,29,4
04027,2004-03-21,10,16,18,21,24,32,8
04028,2004-03-23,13,21,22,24,25,27,2
04029,2004-03-25,6,10,14,18,20,30,14
04030,2004-03-27,4,8,14,21,27,28,14
04031,2004-03-30,8,9,15,22,27,30,13
04032,2004-04-01,1,4,6,13,32,33,16
04033,2004-04-03,1,16,24,25,27,30,7
04034,2004-04-06,10,23,26,28,31,32,9
04035,2004-04-08,4,12,14,21,22,31,11
04036,2004-04-10,1,6,9,15,20,33,13
04037,2004-04-13,2,8,11,12,21,25,15
04038,2004-04-15,8,9,16,20,22,29,11
04039,2004-04-17,8,10,11,17,28,33,11
04040,2004-04-19,2,10,14,17,32,33,2
04041,2004-04-22,2,5,14,16,19,33,7
04042,2004-04-24,11,16,25,26,30,31,2
04043,2004-04-26,2,8,14,22,27,28,2
04044,2004-04-29,2,4,5,24,28,33,14
04045,2004-05-01,1,8,9,21,30,31,14
04046,2004-05-03,12,13,16,18,24,31,10
04047,2004-05-06,6,14,19,28,30,33,8
04048,2004-05-08,3,11,12,19,25,33,14
04049,2004-05-10,7,9,11,19,29,30,10
04050,2004-05-12,11,19,25,28,31,32,7
04051,2004-05-15,3,5,9,22,23,33,14
04052,2004-05-17,2,3,9,16,23,31,16
04053,2004-05-19,5,16,21,22,27,33,2
04054,2004-05-22,9,13,14,28,31,32,6
04055,2004-05-24,1,13,23,29,31,33,7
04056,2004-05-26,9,11,15,19,30,33,2
04057,2004-05-29,5,14,15,20,23,29,11
04058,2004-05-31,3,6,10,26,27,33,12
04059,2004-06-02,11,13,16,17,21,27,4
04060,2004-06-04,3,13,14,22,24,25,5
04061,2004-06-07,6,8,23,26,31,33,4
04062,2004-06-09,4,7,11,16,17,30,10
04063,2004-06-11,9,16,23,27,28,33,13
04064,2004-06-14,5,12,18,23,31,32,12
04065,2004-06-16,16,20,21,27,30,33,12
04066,2004-06-18,6,7,13,18,25,33,6
04067,2004-06-21,17,21,22,23,24,26,1
04068,2004-06-23,9,11,12,15,19,30,8
04069,2004-06-25,2,5,14,15,18,26,14
04070,2004-06-27,2,11,14,18,21,27,12
04071,2004-06-30,3,9,10,12,21,30,3
04072,2004-07-02,20,21,22,24,27,28,13
04073,2004-07-04,2,4,7,11,29,31,16
04074,2004-07-07,2,6,12,16,21,32,13
04075,2004-07-09,3,5,12,17,19,29,6
04076,2004-07-11,4,7,10,11,15,28,11
04077,2004-07-14,7,18,21,24,28,30,1
04078,2004-07-16,18,19,20,22,29,30,13
04079,2004-07-18,1,11,12,22,24,29,10
04080,2004-07-20,1,4,12,14,25,27,10
04081,2004-07-23,3,4,7,22,23,32,12
04082,2004-07-25,10,12,13,16,19,21,2
04083,2004-07-27,3,7,15,21,27,31,4
04084,2004-07-30,1,6,25,28,29,32,1
04085,2004-08-01,5,12,16,26,30,32,11
04086,2004-08-03,2,3,5,14,23,28,16
04087,2004-08-06,2,4,5,14,18,33,2
04088,2004-08-08,6,10,11,15,26,33,13
04089,2004-08-10,16,21,23,24,27,29,16
04090,2004-08-12,1,11,13,16,21,32,4
04091,2004-08-15,7,12,19,27,28,32,4
04092,2004-08-17,7,24,26,27,28,33,9
04093,2004-08-19,13,21,25,26,28,30,15
04094,2004-08-22,6,8,10,12,18,32,2
04095,2004-08-24,5,6,22,25,28,30,13
04096,2004-08-26,5,6,7,9,19,27,1
04097,2004-08-29,4,9,16,22,25,27,11
04098,2004-08-31,4,11,12,19,25,32,14
04099,2004-09-02,4,15,16,23,25,27,1
04100,2004-09-04,1,4,10,15,16,17,7
04101,2004-09-07,4,14,19,21,26,28,16
04102,2004-09-09,3,7,20,21,22,25,16
04103,2004-09-11,1,13,24,25,30,31,1
04104,2004-09-14,2,7,16,22,24,30,3
04105,2004-09-16,2,9,10,12,15,25,5
04106,2004-09-18,2,7,10,13,18,26,7
04107,2004-09-21,2,7,9,10,30,33,10
04108,2004-09-23,3,9,20,21,26,29,10
04109,2004-09-25,3,6,11,17,18,29,16
04110,2004-09-27,4,6,17,25,28,32,2
04111,2004-09-30,1,15,23,24,27,31,14
04112,2004-10-02,7,16,18,23,26,31,2
04113,2004-10-04,2,5,17,20,22,25,7
04114,2004-10-07,2,9,10,16,29,30,1
04115,2004-10-09,9,11,12,16,26,29,1
04116,2004-10-11,6,10,12,13,18,23,3
04117,2004-10-14,2,6,8,27,29,31,14
04118,2004-10-16,11,21,22,24,25,30,11
04119,2004-10-18,7,13,14,22,26,31,15
04120,2004-10-20,5,9,10,11,23,30,3
04121,2004-10-23,6,10,14,23,24,26,3
04122,2004-10-25,14,17,18,22,25,27,1
04123,2004-10-27,5,8,11,16,18,29,9
04124,2004-10-30,11,23,28,30,32,33,3
04125,2004-11-01,3,7,13,27,30,33,9
04126,2004-11-03,1,8,11,24,30,32,3
04127,2004-11-06,6,12,13,24,25,28,4
04128,2004-11-08,1,13,18,19,21,23,13
04129,2004-11-10,3,4,9,17,23,26,1
04130,2004-11-12,1,2,9,20,22,24,10
04131,2004-11-15,9,19,20,22,23,31,7
04132,2004-11-17,1,8,12,20,26,32,13
04133,2004-11-19,5,16,18,20,25,32,11
04134,2004-11-22,2,4,11,13,22,31,7
04135,2004-11-24,7,9,10,31,32,33,6
04136,2004-11-26,8,23,24,28,29,30,8
04137,2004-11-29,8,10,11,13,20,22,7
04138,2004-12-01,1,3,10,20,25,26,2
04139,2004-12-03,3,9,15,20,30,33,10
04140,2004-12-05,1,7,13,20,22,23,9
04141,2004-12-08,5,8,9,13,18,29,16
04142,2004-12-10,4,6,10,18,20,23,4
04143,2004-12-12,4,13,21,22,23,29,5
04144,2004-12-15,8,9,13,16,20,33,14
04145,2004-12-17,2,6,12,24,27,30,7
04146,2004-12-19,2,3,4,9,16,33,4
04147,2004-12-22,5,6,13,23,31,33,15
04148,2004-12-24,4,13,17,18,20,21,12
04149,2004-12-26,17,18,19,21,22,26,13
04150,2004-12-28,2,4,18,19,22,29,2
04151,2004-12-31,3,6,10,15,31,33,14
04152,2005-01-02,2,3,9,13,23,28,15
04153,2005-01-04,9,13,14,18,31,32,3
04154,2005-01-07,6,17,21,25,26,27,9
05001,2005-01-09,9,13,14,21,24,27,10
05002,2005-01-11,2,10,19,22,24,28,1
05003,2005-01-14,2,8,16,19,21,24,10
05004,2005-01-16,2,16,21,22,26,27,7
05005,2005-01-18,9,17,19,22,31,32,14
05006,2005-01-20,1,5,19,23,30,31,8
05007,2005-01-23,3,6,15,17,18,28,13
05008,2005-01-25,8,24,25,28,31,32,9
05009,2005-01-27,3,11,21,25,28,30,1
05010,2005-01-30,11,12,18,24,28,33,12
05011,2005-02-01,10,19,23,24,29,33,16
05012,2005-02-03,8,9,12,16,23,33,7
05013,2005-02-06,18,21,25,28,30,33,10
05014,2005-02-08,7,11,12,15,16,17,4
05015,2005-02-10,5,10,11,19,21,23,2
05016,2005-02-12,5,6,9,12,19,28,13
05017,2005-02-15,1,8,12,16,21,24,15
05018,2005-02-17,2,6,11,20,25,32,8
05019,2005-02-19,4,13,14,20,22,29,16
05020,2005-02-22,1,2,12,14,15,27,9
05021,2005-02-24,11,12,15,18,20,25,5
05022,2005-02-26,6,8,19,20,21,24,7
05023,2005-03-01,4,8,11,14,17,26,5
05024,2005-03-03,1,5,15,17,24,33,6
05025,2005-03-05,4,11,21,28,29,31,4
05026,2005-03-07,1,12,13,16,24,25,8
05027,2005-03-10,4,8,14,16,20,23,5
05028,2005-03-12,8,9,12,26,30,32,14
05029,2005-03-14,3,8,9,13,14,15,3
05030,2005-03-17,8,10,12,14,16,23,2
05031,2005-03-19,3,8,14,25,28,30,12
05032,2005-03-21,2,3,4,7,12,22,7
05033,2005-03-24,6,11,12,15,19,26,1
05034,2005-03-26,11,12,15,18,23,25,16
05035,2005-03-28,2,9,20,23,24,27,14
05036,2005-03-30,4,5,7,10,14,20,8
05037,2005-04-02,13,14,19,25,26,30,16
05038,2005-04-04,17,24,25,28,32,33,10
05039,2005-04-06,11,12,13,15,25,26,8
05040,2005-04-09,15,16,19,23,27,31,4
05041,2005-04-11,1,8,11,16,20,22,3
05042,2005-04-13,5,7,11,13,22,24,16
05043,2005-04-16,11,13,20,21,22,23,16
05044,2005-04-18,2,4,13,25,28,33,9
05045,2005-04-20,6,8,9,11,15,30,3
05046,2005-04-22,4,7,11,13,19,28,2
05047,2005-04-25,3,9,11,13,20,21,10
05048,2005-04-27,1,13,18,20,22,29,9
05049,2005-04-29,7,16,18,19,22,32,8
05050,2005-05-02,3,8,10,14,21,23,9
05051,2005-05-04,1,5,11,16,18,23,8
05052,2005-05-06,12,18,19,24,25,26,16
05053,2005-05-09,2,5,7,9,13,27,8
05054,2005-05-11,5,8,18,28,30,32,15
05055,2005-05-13,2,3,7,14,20,28,14
05056,2005-05-15,5,12,13,17,18,28,3
05057,2005-05-18,6,8,19,21,25,30,4
05058,2005-05-20,3,10,12,15,22,28,15
05059,2005-05-22,2,4,20,22,25,31,15
05060,2005-05-25,6,7,21,23,30,31,14
05061,2005-05-27,3,8,18,23,24,25,14
05062,2005-05-29,11,12,19,24,25,31,2
05063,2005-06-01,14,15,19,24,29,33,5
05064,2005-06-03,8,10,17,19,21,31,13
05065,2005-06-05,19,20,21,22,28,30,14
05066,2005-06-07,5,6,20,22,25,27,10
05067,2005-06-10,3,6,8,13,16,24,13
05068,2005-06-12,4,11,14,17,24,25,8
05069,2005-06-14,2,4,10,15,32,33,11
05070,2005-06-17,15,22,23,28,31,32,13
05071,2005-06-19,16,17,22,23,24,28,8
05072,2005-06-21,5,13,17,18,21,25,13
05073,2005-06-24,2,4,19,30,31,33,5
05074,2005-06-26,8,16,17,22,23,33,4
05075,2005-06-28,2,8,15,17,19,28,13
05076,2005-06-30,7,10,12,14,18,19,15
05077,2005-07-03,4,10,21,22,29,31,3
05078,2005-07-05,2,5,6,15,20,25,8
05079,2005-07-07,6,10,22,24,25,32,8
05080,2005-07-10,1,3,9,14,22,26,9
05081,2005-07-12,8,11,13,18,22,32,10
05082,2005-07-14,1,2,7,9,12,31,5
05083,2005-07-17,2,5,8,14,16,28,1
05084,2005-07-19,2,5,19,23,24,32,2
05085,2005-07-21,4,6,12,19,26,27,13
05086,2005-07-23,6,7,8,15,27,32,3
05087,2005-07-26,5,10,20,21,22,25,16
05088,2005-07-28,22,25,27,29,32,33,5
05089,2005-07-30,3,6,9,12,22,29,4
05090,2005-08-02,10,15,20,24,26,33,10
05091,2005-08-04,3,5,9,18,24,26,2
05092,2005-08-06,1,11,18,19,27,30,10
05093,2005-08-09,1,14,22,23,27,30,2
05094,2005-08-11,3,19,20,21,22,24,12
05095,2005-08-13,7,8,15,16,25,29,3
05096,2005-08-15,1,2,7,9,21,24,15
05097,2005-08-18,3,9,11,12,17,31,9
05098,2005-08-20,1,4,6,17,24,28,7
05099,2005-08-22,12,16,19,21,27,30,9
05100,2005-08-25,1,3,9,18,28,30,4
05101,2005-08-27,1,11,26,29,30,32,12
05102,2005-08-29,13,14,17,18,29,30,11
05103,2005-09-01,2,4,6,9,14,30,9
05104,2005-09-03,2,7,13,18,19,25,2
05105,2005-09-05,20,23,27,28,30,33,12
05106,2005-09-07,3,9,12,19,20,25,16
05107,2005-09-10,1,2,4,21,25,29,6
05108,2005-09-12,6,16,17,19,21,22,6
05109,2005-09-14,11,13,21,22,24,27,9
05110,2005-09-17,2,10,12,16,25,28,8
05111,2005-09-19,9,16,17,24,29,33,2
05112,2005-09-21,18,20,21,27,29,30,11
05113,2005-09-24,4,8,19,25,26,31,13
05114,2005-09-26,4,11,20,25,26,31,2
05115,2005-09-28,1,4,15,19,22,25,4
05116,2005-09-30,11,20,23,25,32,33,15
05117,2005-10-03,24,25,28,29,31,33,2
05118,2005-10-05,3,5,8,23,28,32,12
05119,2005-10-07,4,7,17,24,26,27,8
05120,2005-10-10,5,6,11,20,24,27,6
05121,2005-10-12,2,5,9,10,15,19,10
05122,2005-10-14,4,6,10,12,20,27,1
05123,2005-10-17,4,5,6,9,10,16,3
05124,2005-10-19,8,9,14,28,29,30,6
05125,2005-10-21,5,10,12,15,23,28,6
05126,2005-10-23,9,13,16,17,18,29,16
05127,2005-10-26,16,21,23,25,27,28,10
05128,2005-10-28,2,4,11,18,26,32,8
05129,2005-10-30,1,5,21,25,29,30,16
05130,2005-11-02,1,3,5,12,19,30,7
05131,2005-11-04,2,8,20,25,27,30,9
05132,2005-11-06,1,8,12,13,19,30,7
05133,2005-11-09,4,5,6,13,16,21,2
05134,2005-11-11,6,11,19,21,25,33,14
05135,2005-11-13,11,14,15,21,23,33,5
05136,2005-11-15,7,9,10,22,23,32,14
05137,2005-11-18,3,9,12,15,22,27,9
05138,2005-11-20,9,10,14,29,30,31,16
05139,2005-11-22,6,17,21,23,27,32,16
05140,2005-11-25,2,3,20,21,22,27,4
05141,2005-11-27,14,15,16,22,29,30,11
05142,2005-11-29,6,13,15,20,22,27,5
05143,2005-12-02,3,11,15,26,29,30,14
05144,2005-12-04,10,15,20,25,26,33,8
05145,2005-12-06,2,5,7,9,13,31,14
05146,2005-12-08,5,13,14,28,29,31,12
05147,2005-12-11,1,5,12,17,18,24,5
05148,2005-12-13,3,12,15,17,19,24,8
05149,2005-12-15,6,18,24,25,27,33,13
05150,2005-12-18,1,2,18,19,30,33,4
05151,2005-12-20,1,5,7,12,14,16,14
05152,2005-12-22,4,6,14,17,19,26,10
05153,2005-12-25,15,20,22,23,24,27,2
05154,2005-12-27,7,10,16,19,28,29,16
06001,2005-12-29,4,9,11,18,25,29,9
06002,2005-12-31,9,15,17,22,23,29,13
06003,2006-01-03,16,19,21,27,31,33,8
06004,2006-01-05,7,13,21,29,31,33,8
06005,2006-01-07,2,8,18,22,24,28,7
06006,2006-01-10,1,2,4,11,15,26,1
06007,2006-01-12,3,7,8,13,24,29,16
06008,2006-01-14,3,4,10,15,21,22,8
06009,2006-01-17,3,6,11,17,27,32,13
06010,2006-01-19,2,7,23,26,27,28,3
06011,2006-01-21,13,19,24,27,30,33,7
06012,2006-01-23,7,9,14,19,20,26,5
06013,2006-01-26,1,6,8,14,18,27,4
06014,2006-01-28,7,8,9,13,21,27,2
06015,2006-01-30,3,22,23,27,29,30,15
06016,2006-02-02,7,8,19,24,26,28,5
06017,2006-02-04,7,8,11,14,27,32,2
06018,2006-02-06,1,3,19,24,26,31,14
06019,2006-02-09,9,18,24,26,27,28,3
06020,2006-02-11,6,17,19,27,32,33,1
06021,2006-02-13,5,7,11,14,17,32,4
06022,2006-02-15,5,10,11,15,24,27,7
06023,2006-02-18,1,6,19,28,31,33,9
06024,2006-02-20,6,11,17,23,24,25,12
06025,2006-02-22,3,12,15,17,19,28,6
06026,2006-02-25,1,2,16,23,25,30,3
06027,2006-02-27,3,6,16,23,28,29,9
06028,2006-03-01,7,8,11,23,28,29,12
06029,2006-03-04,2,4,8,17,28,31,8
06030,2006-03-06,1,4,11,20,24,30,13
06031,2006-03-08,6,8,11,13,23,30,15
06032,2006-03-10,2,3,11,18,23,24,8
06033,2006-03-13,6,8,15,23,24,26,1
06034,2006-03-15,9,11,20,21,22,31,16
06035,2006-03-17,3,4,16,25,29,33,15
06036,2006-03-20,6,12,21,22,27,31,8
06037,2006-03-22,2,7,11,13,17,20,12
06038,2006-03-24,4,5,12,18,19,31,1
06039,2006-03-27,2,9,19,20,26,29,3
06040,2006-03-29,2,10,16,22,24,30,1
06041,2006-03-31,5,9,11,18,20,24,7
06042,2006-04-02,4,10,14,20,23,27,16
06043,2006-04-05,11,15,16,29,30,31,7
06044,2006-04-07,3,8,25,28,30,31,16
06045,2006-04-09,7,16,17,21,23,30,3
06046,2006-04-12,2,7,9,13,26,30,9
06047,2006-04-14,5,9,10,11,25,30,8
06048,2006-04-16,1,6,11,15,22,24,11
06049,2006-04-19,6,19,24,29,31,32,5
06050,2006-04-21,3,11,17,21,29,30,13
06051,2006-04-23,5,8,12,24,27,29,9
06052,2006-04-25,1,2,4,6,8,19,16
06053,2006-04-28,3,17,21,24,25,29,9
06054,2006-04-30,5,13,14,17,19,31,4
06055,2006-05-02,2,3,20,21,24,26,5
06056,2006-05-05,6,9,17,24,26,32,12
06057,2006-05-07,6,7,13,23,28,30,12
06058,2006-05-09,7,10,15,17,20,31,2
06059,2006-05-12,1,6,12,16,21,30,4
06060,2006-05-14,1,2,8,13,24,31,4
06061,2006-05-16,1,7,14,15,22,30,7
06062,2006-05-18,1,3,12,19,25,31,15
06063,2006-05-21,7,14,21,22,29,31,6
06064,2006-05-23,2,23,28,30,31,32,15
06065,2006-05-25,1,7,12,16,19,30,13
06066,2006-05-28,17,20,26,27,30,31,14
06067,2006-05-30,4,7,18,20,24,26,16
06068,2006-06-01,8,11,17,23,26,29,11
06069,2006-06-04,6,17,23,28,29,33,16
06070,2006-06-06,5,9,12,18,24,25,7
06071,2006-06-08,12,17,22,23,28,30,2
06072,2006-06-10,4,14,16,23,27,31,15
06073,2006-06-13,6,15,23,27,30,31,8
06074,2006-06-15,1,8,13,24,26,28,12
06075,2006-06-17,1,4,6,9,11,16,5
06076,2006-06-20,4,7,9,25,30,31,12
06077,2006-06-22,4,7,8,10,17,21,1
06078,2006-06-24,12,19,21,24,26,32,7
06079,2006-06-27,3,9,19,20,28,32,3
06080,2006-06-29,3,15,16,17,19,32,1
06081,2006-07-01,7,13,15,19,30,31,9
06082,2006-07-03,2,12,14,15,20,22,2
06083,2006-07-06,3,11,17,19,26,33,13
06084,2006-07-08,17,20,21,22,29,30,2
06085,2006-07-10,2,10,16,18,26,32,9
06086,2006-07-13,1,10,14,18,20,22,4
06087,2006-07-15,9,13,18,19,27,31,6
06088,2006-07-17,3,9,13,21,26,31,9
06089,2006-07-20,2,3,9,13,19,27,14
06090,2006-07-22,8,10,26,28,31,33,6
06091,2006-07-24,15,17,18,23,27,32,7
06092,2006-07-26,9,12,17,19,23,30,16
06093,2006-07-29,7,9,18,21,24,30,15
06094,2006-07-31,5,9,19,22,26,27,5
06095,2006-08-02,2,16,19,22,29,30,10
06096,2006-08-05,2,9,15,20,22,32,13
06097,2006-08-07,2,5,11,21,27,30,7
06098,2006-08-09,4,7,12,25,26,33,14
06099,2006-08-12,8,20,22,23,26,27,1
06100,2006-08-14,1,13,25,26,27,31,11
06101,2006-08-16,5,15,20,23,26,30,5
06102,2006-08-18,8,10,12,25,28,30,7
06103,2006-08-21,2,9,13,22,26,30,13
06104,2006-08-23,3,9,11,21,28,31,3
06105,2006-08-25,8,14,17,21,22,32,7
06106,2006-08-28,6,13,16,19,28,33,14
06107,2006-08-30,8,11,21,22,28,30,11
06108,2006-09-01,8,11,12,15,24,32,3
06109,2006-09-04,2,8,10,17,21,24,14
06110,2006-09-06,1,2,10,15,22,27,15
06111,2006-09-08,1,2,6,24,28,33,5
06112,2006-09-10,3,5,14,23,24,33,7
06113,2006-09-13,6,12,17,28,29,32,1
06114,2006-09-15,5,9,11,12,27,28,5
06115,2006-09-17,5,8,11,22,28,32,15
06116,2006-09-20,2,3,17,18,26,32,4
06117,2006-09-22,3,8,15,28,31,32,5
06118,2006-09-24,5,10,21,24,29,32,1
06119,2006-09-27,6,9,11,13,27,30,8
06120,2006-09-29,3,6,11,27,28,29,11
06121,2006-10-01,1,4,7,10,26,29,15
06122,2006-10-03,1,5,15,20,23,26,14
06123,2006-10-06,2,23,24,25,30,33,9
06124,2006-10-08,2,3,16,18,21,28,3
06125,2006-10-10,7,10,14,17,19,28,5
06126,2006-10-13,5,8,14,17,28,33,3
06127,2006-10-15,11,13,16,25,26,31,7
06128,2006-10-17,8,10,20,21,24,25,10
06129,2006-10-20,5,9,17,21,26,31,4
06130,2006-10-22,2,7,10,12,22,29,8
06131,2006-10-24,5,8,11,12,15,29,3
06132,2006-10-26,1,16,19,23,24,30,12
06133,2006-10-29,8,11,12,23,26,29,11
06134,2006-10-31,10,11,16,20,30,33,1
06135,2006-11-02,2,4,6,7,9,24,1
06136,2006-11-05,6,11,12,14,25,28,2
06137,2006-11-07,5,6,10,20,24,32,11
06138,2006-11-09,3,9,12,14,19,21,12
06139,2006-11-12,3,5,19,25,27,31,1
06140,2006-11-14,1,2,12,18,19,24,4
06141,2006-11-16,3,10,12,17,18,30,11
06142,2006-11-18,5,6,11,14,22,32,11
06143,2006-11-21,4,12,16,18,28,33,5
06144,2006-11-23,3,7,10,11,18,28,5
06145,2006-11-25,1,9,15,22,27,28,8
06146,2006-11-28,4,5,8,30,32,33,15
06147,2006-11-30,3,10,16,22,28,32,5
06148,2006-12-02,3,19,24,26,27,30,12
06149,2006-12-05,12,14,20,22,31,32,3
06150,2006-12-07,2,5,15,20,24,31,9
06151,2006-12-09,4,7,9,13,15,32,4
06152,2006-12-11,1,4,16,26,28,29,12
06153,2006-12-14,4,17,20,21,22,27,11
06154,2006-12-16,4,12,14,15,21,25,14
07001,2006-12-18,1,6,11,21,27,32,12
07002,2006-12-21,2,3,6,24,25,27,13
07003,2006-12-23,10,14,20,29,31,32,13
07004,2006-12-25,6,10,12,13,24,30,1
07005,2006-12-28,2,17,19,25,26,31,4
07006,2006-12-30,8,15,16,19,29,33,8
07007,2007-01-01,1,8,10,14,30,32,16
07008,2007-01-03,2,4,5,9,21,28,2
07009,2007-01-06,11,13,16,21,23,24,11
07010,2007-01-08,4,7,12,18,21,33,15
07011,2007-01-10,8,12,17,19,20,30,2
07012,2007-01-13,9,13,22,29,32,33,14
07013,2007-01-15,10,21,22,23,26,28,11
07014,2007-01-17,2,4,5,12,15,18,16
07015,2007-01-20,10,12,22,24,25,26,14
07016,2007-01-22,6,8,9,12,15,33,13
07017,2007-01-24,4,10,13,17,22,31,13
07018,2007-01-26,6,8,10,12,14,24,1
07019,2007-01-29,1,14,17,20,24,29,4
07020,2007-01-31,1,7,9,22,29,31,15
07021,2007-02-02,6,12,18,20,22,33,4
07022,2007-02-05,9,11,12,17,24,31,7
07023,2007-02-07,7,8,9,13,17,30,13
07024,2007-02-09,3,6,11,13,18,32,4
07025,2007-02-12,6,9,10,13,32,33,9
07026,2007-02-14,12,14,18,20,23,32,3
07027,2007-02-16,13,21,25,29,30,32,5
07028,2007-02-18,1,16,20,21,26,29,16
07029,2007-02-21,1,6,8,12,14,30,10
07030,2007-02-23,1,5,11,18,22,24,8
07031,2007-02-25,4,5,13,21,23,29,5
07032,2007-02-28,2,17,18,19,28,31,6
07033,2007-03-02,6,17,19,25,29,31,9
07034,2007-03-04,3,9,11,18,20,23,10
07035,2007-03-07,5,7,8,17,18,20,4
07036,2007-03-09,7,10,14,15,25,28,16
07037,2007-03-11,1,2,19,21,30,33,15
07038,2007-03-13,1,6,11,12,16,31,1
07039,2007-03-16,8,10,13,15,22,27,8
07040,2007-03-18,13,14,19,29,32,33,6
07041,2007-03-20,7,8,10,21,23,24,4
07042,2007-03-23,2,6,15,17,22,25,16
07043,2007-03-25,5,8,12,20,23,30,3
07044,2007-03-27,2,8,10,14,20,31,13
07045,2007-03-30,1,7,9,11,26,27,14
07046,2007-04-01,4,7,10,12,14,32,1
07047,2007-04-03,15,16,20,21,28,32,8
07048,2007-04-05,1,18,19,21,26,31,5
07049,2007-04-08,3,5,6,10,14,17,6
07050,2007-04-10,3,5,18,27,28,30,8
07051,2007-04-12,7,10,11,16,22,33,3
07052,2007-04-15,3,6,11,12,14,32,15
07053,2007-04-17,1,19,23,26,31,32,5
07054,2007-04-19,5,7,11,23,28,33,7
07055,2007-04-22,1,6,12,22,23,25,4
07056,2007-04-24,3,4,10,11,13,21,7
07057,2007-04-26,6,17,19,21,24,33,5
07058,2007-04-28,9,14,23,28,29,30,3
07059,2007-05-01,1,14,15,25,27,28,11
07060,2007-05-03,3,9,14,23,24,26,3
07061,2007-05-05,5,6,22,26,27,31,16
07062,2007-05-08,1,4,20,27,28,32,12
07063,2007-05-10,6,12,13,17,27,30,1
07064,2007-05-12,5,6,12,14,26,27,4
07065,2007-05-15,1,18,20,21,32,33,2
07066,2007-05-17,9,12,15,26,29,31,11
07067,2007-05-19,5,15,22,24,29,32,13
07068,2007-05-21,19,21,23,27,29,32,13
07069,2007-05-24,1,3,6,16,20,31,9
07070,2007-05-26,2,11,12,16,21,25,12
07071,2007-05-28,3,5,12,17,22,33,2
07072,2007-05-31,9,11,17,24,26,29,5
07073,2007-06-02,7,11,13,20,24,33,15
07074,2007-06-04,14,16,20,22,24,30,2
07075,2007-06-07,5,10,12,18,24,27,13
07076,2007-06-09,4,6,12,19,26,30,3
07077,2007-06-11,1,5,7,10,18,23,15
07078,2007-06-13,4,9,12,21,23,29,1
07079,2007-06-16,6,8,18,22,25,29,9
07080,2007-06-18,6,7,13,16,28,33,5
07081,2007-06-20,3,14,18,20,26,32,12
07082,2007-06-23,4,12,16,23,24,26,5
07083,2007-06-25,1,9,13,17,21,25,12
07084,2007-06-27,3,9,10,28,29,33,11
07085,2007-06-30,2,7,21,26,27,29,2
07086,2007-07-02,3,5,6,7,15,24,3
07087,2007-07-04,6,15,18,23,24,33,12
07088,2007-07-06,3,10,12,13,16,30,13
07089,2007-07-09,4,10,17,27,28,31,14
07090,2007-07-11,10,14,17,19,26,32,10
07091,2007-07-13,7,12,16,19,20,23,10
07092,2007-07-16,4,5,11,13,15,20,11
07093,2007-07-18,4,8,10,15,18,30,1
07094,2007-07-20,3,8,11,17,19,22,5
07095,2007-07-23,3,10,12,17,31,33,1
07096,2007-07-25,10,11,18,19,20,27,2
07097,2007-07-27,2,8,10,13,14,33,6
07098,2007-07-29,8,10,15,19,26,29,8
07099,2007-08-01,13,16,20,23,28,32,15
07100,2007-08-03,6,17,21,23,27,32,3
07101,2007-08-05,7,8,12,15,20,21,6
07102,2007-08-08,3,18,22,26,27,30,6
07103,2007-08-10,4,8,17,20,22,32,12
07104,2007-08-12,4,7,17,22,28,31,4
07105,2007-08-15,8,12,20,27,29,33,10
07106,2007-08-17,3,8,16,23,30,32,8
07107,2007-08-19,10,15,16,26,30,33,2
07108,2007-08-21,9,13,14,23,25,31,5
07109,2007-08-24,3,5,9,12,20,29,16
07110,2007-08-26,3,17,21,23,28,33,10
07111,2007-08-28,1,2,7,16,25,29,7
07112,2007-08-31,7,9,13,17,27,32,12
07113,2007-09-02,3,6,21,23,32,33,11
07114,2007-09-04,3,4,7,22,28,30,9
07115,2007-09-07,13,19,25,26,27,31,6
07116,2007-09-09,8,11,14,16,24,31,7
07117,2007-09-11,4,7,16,23,25,33,15
07118,2007-09-13,3,8,15,20,27,30,16
07119,2007-09-16,7,11,17,21,22,24,11
07120,2007-09-18,4,5,9,18,23,29,2
07121,2007-09-20,3,10,15,22,30,33,6
07122,2007-09-23,2,5,21,25,27,32,7
07123,2007-09-25,14,15,20,28,30,33,10
07124,2007-09-27,5,6,7,16,26,28,2
07125,2007-09-30,8,12,19,20,23,30,11
07126,2007-10-02,1,14,20,21,27,32,11
07127,2007-10-04,1,3,5,9,22,28,5
07128,2007-10-06,7,10,25,28,29,30,9
07129,2007-10-09,1,7,10,17,28,30,10
07130,2007-10-11,4,11,13,14,16,26,10
07131,2007-10-13,13,19,25,26,27,32,11
07132,2007-10-16,3,8,9,12,15,30,3
07133,2007-10-18,1,10,25,26,30,33,1
07134,2007-10-20,1,12,13,18,19,24,14
07135,2007-10-23,7,13,14,15,19,31,8
07136,2007-10-25,1,5,13,21,27,33,9
07137,2007-10-27,1,2,3,12,23,29,11
07138,2007-10-29,1,14,22,23,25,31,11
07139,2007-11-01,8,22,24,25,27,30,14
07140,2007-11-03,2,6,12,26,27,30,4
07141,2007-11-05,4,9,24,25,27,32,5
07142,2007-11-08,8,11,14,15,18,30,1
07143,2007-11-10,4,6,8,9,21,28,13
07144,2007-11-12,4,5,22,24,27,29,9
07145,2007-11-15,5,10,16,21,25,28,15
07146,2007-11-17,2,4,5,12,22,23,13
07147,2007-11-19,1,18,19,27,29,32,1
07148,2007-11-21,1,9,21,29,30,31,13
07149,2007-11-24,2,14,24,27,29,31,5
07150,2007-11-26,10,11,14,22,23,29,5
07151,2007-11-28,2,7,8,9,13,16,6
07152,2007-12-01,1,4,9,10,21,27,4
07153,2007-12-03,1,7,21,22,23,33,4
07154,2007-12-05,1,5,13,14,15,18,5
08001,2007-12-08,2,3,18,20,25,27,1
08002,2007-12-10,2,5,7,24,26,29,4
08003,2007-12-12,4,5,6,14,15,30,16
08004,2007-12-14,14,18,20,21,27,29,6
08005,2007-12-17,7,8,15,19,23,28,13
08006,2007-12-19,3,14,21,25,27,29,11
08007,2007-12-21,1,6,14,17,19,30,15
08008,2007-12-24,6,26,28,31,32,33,10
08009,2007-12-26,2,13,18,20,25,30,3
08010,2007-12-28,3,5,8,12,20,25,11
08011,2007-12-31,10,19,20,21,30,33,16
08012,2008-01-02,8,11,25,27,28,33,5
08013,2008-01-04,3,4,8,21,22,33,15
08014,2008-01-06,6,11,15,21,31,32,6
08015,2008-01-09,7,8,21,24,26,30,6
08016,2008-01-11,7,9,14,16,19,24,1
08017,2008-01-13,7,17,23,25,31,32,6
08018,2008-01-16,5,8,13,22,23,29,14
08019,2008-01-18,7,15,17,22,30,33,3
08020,2008-01-20,1,5,9,10,18,19,3
08021,2008-01-23,2,5,14,24,30,32,15
08022,2008-01-25,4,12,23,26,30,32,13
08023,2008-01-27,3,7,19,20,28,33,7
08024,2008-01-29,3,8,9,14,22,33,10
08025,2008-02-01,6,12,15,24,25,29,10
08026,2008-02-03,4,11,17,18,27,29,2
08027,2008-02-05,8,19,20,27,28,33,14
08028,2008-02-08,3,5,7,16,20,32,13
08029,2008-02-10,10,11,14,22,24,27,14
08030,2008-02-12,2,3,8,9,11,21,2
08031,2008-02-15,10,13,19,20,27,28,10
08032,2008-02-17,5,9,17,22,29,30,11
08033,2008-02-19,3,13,15,20,25,32,5
08034,2008-02-21,1,5,16,17,21,33,16
08035,2008-02-24,10,11,21,27,31,33,12
08036,2008-02-26,7,19,20,28,29,32,8
08037,2008-02-28,1,2,3,19,21,26,14
08038,2008-03-02,1,7,10,13,22,23,12
08039,2008-03-04,4,19,20,27,30,31,9
08040,2008-03-06,8,10,15,24,26,28,5
08041,2008-03-09,3,6,11,15,17,32,12
08042,2008-03-11,2,3,6,22,26,28,2
08043,2008-03-13,1,6,7,11,20,24,1
08044,2008-03-15,5,11,18,22,30,33,6
08045,2008-03-18,6,16,21,22,23,26,12
08046,2008-03-20,16,24,25,28,29,33,11
08047,2008-03-22,10,14,23,24,25,31,1
08048,2008-03-25,3,9,22,24,26,29,6
08049,2008-03-27,5,7,9,14,27,32,4
08050,2008-03-29,4,8,9,14,17,31,9
08051,2008-04-01,6,14,20,27,29,33,5
08052,2008-04-03,3,14,16,21,23,24,9
08053,2008-04-05,1,8,22,23,24,29,10
08054,2008-04-07,1,2,6,10,24,29,11
08055,2008-04-10,3,9,13,21,25,33,4
08056,2008-04-12,1,5,16,26,31,33,13
08057,2008-04-14,10,24,27,28,29,30,9
08058,2008-04-17,1,2,6,7,11,28,14
08059,2008-04-19,3,7,8,10,16,24,1
08060,2008-04-21,1,2,8,14,15,24,14
08061,2008-04-24,11,12,21,28,32,33,10
08062,2008-04-26,4,5,6,8,20,21,3
08063,2008-04-28,1,7,9,20,25,29,11
08064,2008-04-30,2,5,18,21,26,32,14
08065,2008-05-03,11,17,20,21,30,31,12
08066,2008-05-05,6,11,16,23,25,29,9
08067,2008-05-07,1,2,5,8,12,14,7
08068,2008-05-10,3,4,12,13,16,31,3
08069,2008-05-12,12,15,21,29,30,32,6
08070,2008-05-14,1,3,4,13,16,21,6
08071,2008-05-17,4,5,8,11,14,28,6
08072,2008-05-19,1,3,7,10,20,33,6
08073,2008-05-21,5,13,18,20,21,30,9
08074,2008-05-23,5,10,12,14,23,29,15
08075,2008-05-26,3,10,18,24,27,33,4
08076,2008-05-28,1,7,10,11,12,26,11
08077,2008-05-30,3,9,12,25,26,31,4
08078,2008-06-02,1,6,15,20,23,29,12
08079,2008-06-04,12,13,15,22,27,31,7
08080,2008-06-06,1,3,6,8,14,20,13
08081,2008-06-09,1,2,12,13,23,33,10
08082,2008-06-11,3,5,9,13,19,32,3
08083,2008-06-13,2,5,13,19,22,23,14
08084,2008-06-15,9,10,19,20,28,30,7
08085,2008-06-18,2,11,12,14,18,26,9
08086,2008-06-20,5,9,17,20,31,33,5
08087,2008-06-22,8,12,19,24,26,27,5
08088,2008-06-25,10,17,26,27,29,30,12
08089,2008-06-27,5,15,21,23,29,33,6
08090,2008-06-29,3,6,9,14,17,18,6
08091,2008-07-02,1,12,16,20,24,25,16
08092,2008-07-04,1,13,16,18,19,28,6
08093,2008-07-06,5,7,8,13,14,17,7
08094,2008-07-08,5,7,11,16,24,28,16
08095,2008-07-11,5,18,21,22,30,32,13
08096,2008-07-13,3,9,12,16,29,30,6
08097,2008-07-15,1,2,12,20,27,30,7
08098,2008-07-18,6,13,21,25,29,30,16
08099,2008-07-20,6,10,15,19,22,31,13
08100,2008-07-22,4,5,15,23,24,30,2
08101,2008-07-25,1,5,19,30,32,33,15
08102,2008-07-27,2,3,10,26,28,30,16
08103,2008-07-29,9,17,21,23,25,29,1
08104,2008-07-31,7,10,12,22,24,30,4
08105,2008-08-03,1,9,14,18,21,32,12
08106,2008-08-05,2,9,10,13,29,33,14
08107,2008-08-07,9,18,19,22,25,28,3
08108,2008-08-10,2,14,16,22,23,33,4
08109,2008-08-12,7,10,14,22,26,27,3
08110,2008-08-14,1,6,8,24,27,32,7
08111,2008-08-17,1,18,20,26,28,31,4
08112,2008-08-19,1,6,12,16,21,29,9
08113,2008-08-21,3,4,10,12,19,22,7
08114,2008-08-23,8,11,15,27,29,30,7
08115,2008-08-26,8,10,12,13,20,27,13
08116,2008-08-28,3,6,14,27,28,30,15
08117,2008-08-30,2,5,17,28,29,31,9
08118,2008-09-02,12,15,17,20,26,30,2
08119,2008-09-04,2,8,9,11,15,32,14
08120,2008-09-06,8,14,20,22,27,33,2
08121,2008-09-09,5,7,10,11,14,22,10
08122,2008-09-11,10,11,12,13,21,24,1
08123,2008-09-13,2,4,10,17,20,27,10
08124,2008-09-15,16,17,19,20,23,26,3
08125,2008-09-18,5,7,15,16,26,29,2
08126,2008-09-20,4,6,16,18,28,29,3
08127,2008-09-22,4,19,20,27,30,33,11
08128,2008-09-25,4,9,14,16,18,27,6
08129,2008-09-27,4,6,7,9,16,21,5
08130,2008-09-29,2,8,25,26,28,32,7
08131,2008-10-02,6,9,13,15,21,28,1
08132,2008-10-04,2,8,9,25,30,32,4
08133,2008-10-06,1,6,7,10,24,25,11
08134,2008-10-08,8,11,17,24,25,27,9
08135,2008-10-11,2,7,8,16,23,24,13
08136,2008-10-13,8,10,15,25,26,32,8
08137,2008-10-15,1,5,24,26,32,33,14
08138,2008-10-18,2,3,4,13,19,25,5
08139,2008-10-20,3,10,16,22,26,32,16
08140,2008-10-22,13,15,23,25,28,29,1
08141,2008-10-25,7,12,15,17,25,29,16
08142,2008-10-27,10,13,17,22,25,27,11
08143,2008-10-29,1,2,14,15,28,30,12
08144,2008-10-31,1,2,17,18,22,24,5
08145,2008-11-03,2,10,15,16,20,22,13
08146,2008-11-05,17,20,22,23,29,31,12
08147,2008-11-07,11,22,23,25,31,33,8
08148,2008-11-10,6,11,15,21,26,31,6
08149,2008-11-12,4,5,7,8,17,32,13
08150,2008-11-14,9,11,24,27,30,33,14
08151,2008-11-17,4,6,13,16,18,29,7
08152,2008-11-19,1,11,12,23,26,28,13
08153,2008-11-21,1,11,14,20,29,31,11
08154,2008-11-23,5,6,7,9,21,25,4
09001,2008-11-26,6,15,20,25,26,29,12
09002,2008-11-28,6,10,12,14,20,29,1
09003,2008-11-30,2,6,8,22,23,24,10
09004,2008-12-03,8,12,19,24,27,30,3
09005,2008-12-05,12,14,21,28,29,32,5
09006,2008-12-07,6,10,13,20,26,27,16
09007,2008-12-10,6,15,17,27,28,29,12
09008,2008-12-12,8,13,21,22,29,32,16
09009,2008-12-14,13,15,19,22,31,33,8
09010,2008-12-16,2,8,15,19,22,28,8
09011,2008-12-19,5,6,16,24,26,31,14
09012,2008-12-21,2,3,5,18,19,27,14
09013,2008-12-23,7,16,20,21,25,30,14
09014,2008-12-26,8,13,19,21,25,33,3
09015,2008-12-28,3,10,11,15,22,30,9
09016,2008-12-30,11,18,19,23,27,29,16
09017,2009-01-02,6,10,15,16,17,33,10
09018,2009-01-04,5,9,21,27,30,31,12
09019,2009-01-06,7,21,22,23,32,33,14
09020,2009-01-08,1,4,17,18,19,23,13
09021,2009-01-11,11,13,16,23,24,25,4
09022,2009-01-13,1,5,17,20,30,33,7
09023,2009-01-15,12,17,19,20,24,31,8
09024,2009-01-18,11,13,19,20,27,30,4
09025,2009-01-20,8,9,15,27,30,31,11
09026,2009-01-22,3,11,14,16,17,25,6
09027,2009-01-25,1,3,9,12,24,26,10
09028,2009-01-27,3,11,13,22,24,28,8
09029,2009-01-29,9,11,19,21,31,33,9
09030,2009-01-31,1,6,17,19,23,26,11
09031,2009-02-03,3,11,17,18,20,33,13
09032,2009-02-05,1,2,13,17,22,30,12
09033,2009-02-07,1,3,5,7,16,19,7
09034,2009-02-10,2,7,17,25,26,33,3
09035,2009-02-12,4,12,13,18,22,27,4
09036,2009-02-14,6,8,10,13,15,30,13
09037,2009-02-17,1,7,10,16,20,25,14
09038,2009-02-19,4,8,11,21,23,25,14
09039,2009-02-21,9,10,22,24,28,33,9
09040,2009-02-23,1,14,15,16,30,33,9
09041,2009-02-26,12,13,15,18,24,33,15
09042,2009-02-28,5,8,10,25,26,33,3
09043,2009-03-02,8,11,23,26,28,30,12
09044,2009-03-05,2,13,16,19,25,26,14
09045,2009-03-07,2,19,28,29,30,33,14
09046,2009-03-09,9,11,14,15,18,26,14
09047,2009-03-12,1,5,17,24,26,33,15
09048,2009-03-14,3,4,10,25,28,31,9
09049,2009-03-16,5,8,11,12,13,25,6
09050,2009-03-18,3,4,11,19,27,30,15
09051,2009-03-21,5,9,13,16,21,22,1
09052,2009-03-23,2,3,8,10,27,33,2
09053,2009-03-25,1,4,12,13,15,16,13
09054,2009-03-28,3,6,17,20,21,30,15
09055,2009-03-30,1,5,6,8,21,33,12
09056,2009-04-01,2,4,8,22,26,28,5
09057,2009-04-04,1,8,19,23,30,33,3
09058,2009-04-06,7,15,18,22,29,30,2
09059,2009-04-08,3,9,11,13,26,31,3
09060,2009-04-10,12,15,21,23,29,32,3
09061,2009-04-13,10,14,16,20,31,33,13
09062,2009-04-15,3,5,7,21,28,29,2
09063,2009-04-17,2,5,8,15,19,28,2
09064,2009-04-20,13,14,21,28,29,30,6
09065,2009-04-22,9,10,14,22,23,33,8
09066,2009-04-24,5,15,17,21,31,32,6
09067,2009-04-27,1,9,13,23,24,29,2
09068,2009-04-29,8,14,20,23,27,32,12
09069,2009-05-01,1,3,5,18,21,24,11
09070,2009-05-03,7,12,23,25,27,29,13
09071,2009-05-06,1,5,11,15,19,24,7
09072,2009-05-08,8,11,18,20,24,28,4
09073,2009-05-10,3,7,11,14,22,25,15
09074,2009-05-13,1,23,25,26,32,33,5
09075,2009-05-15,2,4,9,13,26,31,7
09076,2009-05-17,1,5,13,19,32,33,12
09077,2009-05-20,1,8,14,15,16,29,16
09078,2009-05-22,3,9,15,22,30,32,15
09079,2009-05-24,11,12,13,17,20,26,12
09080,2009-05-26,3,4,6,7,12,29,10
09081,2009-05-29,6,10,23,31,32,33,6
09082,2009-05-31,2,5,8,10,29,32,13
09083,2009-06-02,2,6,16,27,30,33,7
09084,2009-06-05,1,11,22,23,25,26,4
09085,2009-06-07,1,7,20,21,25,31,3
09086,2009-06-09,3,6,8,15,19,23,5
09087,2009-06-12,4,6,8,18,27,32,13
09088,2009-06-14,4,13,16,17,20,22,5
09089,2009-06-16,10,11,16,22,25,29,5
09090,2009-06-18,2,3,17,26,29,33,5
09091,2009-06-21,7,16,20,22,25,33,2
09092,2009-06-23,4,8,10,13,27,32,13
09093,2009-06-25,2,5,9,10,27,28,1
09094,2009-06-28,3,9,19,25,31,32,11
09095,2009-06-30,4,8,13,20,24,32,14
09096,2009-07-02,2,7,8,10,17,19,1
09097,2009-07-05,7,11,22,26,27,29,16
09098,2009-07-07,4,8,10,19,26,28,9
09099,2009-07-09,1,9,12,18,30,33,2
09100,2009-07-11,1,3,5,13,18,19,3
09101,2009-07-14,7,8,13,22,26,31,12
09102,2009-07-16,9,13,16,22,23,27,5
09103,2009-07-18,3,6,11,13,28,30,12
09104,2009-07-21,4,24,26,31,32,33,14
09105,2009-07-23,8,18,19,20,22,27,10
09106,2009-07-25,1,9,13,22,28,31,3
09107,2009-07-28,2,14,16,19,21,26,10
09108,2009-07-30,6,15,17,18,27,29,13
09109,2009-08-01,12,14,17,19,28,33,16
09110,2009-08-03,2,8,17,24,26,28,9
09111,2009-08-06,6,7,8,17,20,33,1
09112,2009-08-08,3,12,17,19,25,28,10
09113,2009-08-10,16,18,20,21,24,25,8
09114,2009-08-13,3,12,14,22,25,33,12
09115,2009-08-15,1,3,7,17,21,22,12
09116,2009-08-17,3,6,7,9,27,30,11
09117,2009-08-20,5,9,10,16,29,33,15
09118,2009-08-22,4,15,19,25,28,29,8
09119,2009-08-24,6,9,16,17,23,28,14
09120,2009-08-26,11,17,24,26,30,31,14
09121,2009-08-29,8,11,12,14,19,26,10
09122,2009-08-31,7,13,24,25,27,28,16
09123,2009-09-02,10,13,20,25,27,31,3
09124,2009-09-05,5,11,13,17,18,20,4
09125,2009-09-07,6,11,24,25,31,32,10
09126,2009-09-09,3,11,19,23,27,33,16
09127,2009-09-12,7,11,17,22,28,31,1
09128,2009-09-14,1,5,9,17,18,30,15
09129,2009-09-16,12,15,17,27,28,31,14
09130,2009-09-18,1,2,3,14,22,30,13
09131,2009-09-21,4,16,18,19,21,28,8
09132,2009-09-23,3,12,15,16,19,27,7
09133,2009-09-25,10,11,14,18,21,28,3
09134,2009-09-28,1,8,10,17,30,31,1
09135,2009-09-30,8,9,18,23,26,33,7
09136,2009-10-02,16,19,21,23,24,27,6
09137,2009-10-05,6,15,18,21,22,32,4
09138,2009-10-07,2,3,14,28,29,33,16
09139,2009-10-09,5,21,22,23,24,33,2
09140,2009-10-11,3,4,5,23,28,29,16
09141,2009-10-14,10,13,16,22,25,31,16
09142,2009-10-16,2,8,13,17,21,28,13
09143,2009-10-18,4,7,23,26,27,33,14
09144,2009-10-21,5,16,18,24,31,33,7
09145,2009-10-23,9,11,12,22,23,24,15
09146,2009-10-25,3,10,26,28,29,31,3
09147,2009-10-28,8,11,12,24,27,30,4
09148,2009-10-30,15,16,17,21,27,33,7
09149,2009-11-01,6,12,15,18,22,24,4
09150,2009-11-03,6,9,11,16,29,33,10
09151,2009-11-06,11,16,21,25,26,31,7
09152,2009-11-08,9,12,16,19,21,33,4
09153,2009-11-10,5,9,16,21,24,29,6
09154,2009-11-13,4,9,14,16,20,31,11
10001,2009-11-15,6,15,20,23,25,26,10
10002,2009-11-17,4,7,10,13,16,21,10
10003,2009-11-20,9,11,21,22,23,32,14
10004,2009-11-22,5,20,24,25,28,32,4
10005,2009-11-24,4,7,21,22,23,33,5
10006,2009-11-26,6,13,19,23,28,30,4
10007,2009-11-29,10,14,19,21,31,33,5
10008,2009-12-01,4,6,8,11,17,25,2
10009,2009-12-03,4,12,16,18,21,23,9
10010,2009-12-06,4,5,6,19,26,33,12
10011,2009-12-08,3,10,15,20,25,26,8
10012,2009-12-10,5,6,7,12,15,33,16
10013,2009-12-13,2,10,11,24,29,33,8
10014,2009-12-15,3,14,20,24,26,28,16
10015,2009-12-17,2,4,8,18,24,31,11
10016,2009-12-19,6,18,19,28,29,32,11
10017,2009-12-22,7,11,21,31,32,33,7
10018,2009-12-24,6,7,9,21,22,30,10
10019,2009-12-26,12,18,22,25,26,27,4
10020,2009-12-29,6,7,12,22,24,33,13
10021,2009-12-31,5,8,13,17,22,27,3
10022,2010-01-02,2,12,18,22,26,33,6
10023,2010-01-05,5,6,11,13,21,28,5
10024,2010-01-07,2,9,16,28,29,31,1
10025,2010-01-09,4,5,9,21,30,33,3
10026,2010-01-11,9,14,17,19,23,25,4
10027,2010-01-14,6,14,16,18,19,20,6
10028,2010-01-16,2,6,19,21,22,33,3
10029,2010-01-18,4,8,11,14,28,31,16
10030,2010-01-21,5,7,14,17,22,30,13
10031,2010-01-23,14,20,21,25,28,32,15
10032,2010-01-25,1,2,7,12,13,31,10
10033,2010-01-28,1,14,16,28,31,33,4
10034,2010-01-30,1,6,12,13,23,25,13
10035,2010-02-01,14,18,22,27,28,29,5
10036,2010-02-03,12,14,16,19,26,31,11
10037,2010-02-06,3,6,8,20,21,22,9
10038,2010-02-08,1,7,12,24,30,32,15
10039,2010-02-10,5,11,20,23,28,31,15
10040,2010-02-13,5,8,17,22,27,30,8
10041,2010-02-15,21,22,26,27,30,31,14
10042,2010-02-17,3,13,14,22,28,32,16
10043,2010-02-20,6,7,8,10,18,33,9
10044,2010-02-22,5,7,10,22,28,30,15
10045,2010-02-24,4,11,12,23,30,31,8
10046,2010-02-26,7,11,20,23,26,32,14
10047,2010-03-01,10,14,16,17,28,31,12
10048,2010-03-03,1,5,6,8,12,27,2
10049,2010-03-05,4,5,13,21,29,33,12
10050,2010-03-08,1,10,17,18,20,25,7
10051,2010-03-10,6,14,16,17,18,32,3
10052,2010-03-12,2,11,14,19,26,30,7
10053,2010-03-15,2,8,13,26,32,33,14
10054,2010-03-17,4,6,17,19,26,28,5
10055,2010-03-19,1,4,7,8,12,26,10
10056,2010-03-21,10,13,14,19,20,23,3
10057,2010-03-24,1,3,5,15,17,21,2
10058,2010-03-26,6,16,18,21,24,28,16
10059,2010-03-28,1,6,15,17,24,32,3
10060,2010-03-31,6,22,23,27,28,31,7
10061,2010-04-02,1,4,20,22,24,30,11
10062,2010-04-04,3,6,17,19,24,25,3
10063,2010-04-07,13,21,23,24,25,27,7
10064,2010-04-09,5,16,17,23,24,25,15
10065,2010-04-11,4,5,9,14,25,33,16
10066,2010-04-13,1,7,14,24,26,32,1
10067,2010-04-16,7,9,10,23,26,29,11
10068,2010-04-18,3,4,9,13,17,33,9
10069,2010-04-20,16,21,22,23,27,33,5
10070,2010-04-23,5,11,20,25,26,30,14
10071,2010-04-25,3,6,8,14,31,32,13
10072,2010-04-27,1,2,8,13,21,28,3
10073,2010-04-30,5,8,13,24,29,32,2
10074,2010-05-02,5,9,17,24,28,29,13
10075,2010-05-04,1,5,11,13,14,21,3
10076,2010-05-06,2,3,15,16,17,32,5
10077,2010-05-09,1,5,18,21,23,25,11
10078,2010-05-11,8,13,14,16,23,32,3
10079,2010-05-13,1,2,9,12,25,26,15
10080,2010-05-16,8,10,11,13,15,32,6
10081,2010-05-18,2,4,12,16,18,26,15
10082,2010-05-20,3,4,7,16,21,27,13
10083,2010-05-23,4,8,17,26,28,29,2
10084,2010-05-25,10,14,19,20,28,31,4
10085,2010-05-27,4,9,25,26,28,33,16
10086,2010-05-29,3,6,16,23,26,27,9
10087,2010-06-01,8,10,15,22,25,28,15
10088,2010-06-03,3,8,10,11,13,14,10
10089,2010-06-05,4,16,23,24,29,30,16
10090,2010-06-08,1,8,9,10,29,31,4
10091,2010-06-10,2,11,16,21,25,26,3
10092,2010-06-12,3,4,5,6,10,25,15
10093,2010-06-15,2,3,20,21,23,32,9
10094,2010-06-17,4,5,7,9,14,27,6
10095,2010-06-19,1,7,13,16,18,26,10
10096,2010-06-21,6,8,18,19,24,26,6
10097,2010-06-24,6,7,12,14,17,32,1
10098,2010-06-26,4,9,18,23,25,30,10
10099,2010-06-28,5,6,7,17,22,25,16
10100,2010-07-01,5,8,14,21,22,25,2
10101,2010-07-03,10,12,13,20,21,22,4
10102,2010-07-05,14,18,20,21,26,33,6
10103,2010-07-08,4,6,8,13,15,24,11
10104,2010-07-10,1,8,12,19,28,29,13
10105,2010-07-12,6,9,11,19,25,27,2
10106,2010-07-14,2,5,6,10,13,20,5
10107,2010-07-17,15,20,25,27,30,33,9
10108,2010-07-19,2,4,5,12,14,27,12
10109,2010-07-21,3,4,10,11,12,33,2
10110,2010-07-24,8,12,22,23,30,31,5
10111,2010-07-26,2,5,6,20,23,27,3
10112,2010-07-28,1,17,18,21,23,30,6
10113,2010-07-31,3,7,10,19,24,29,13
10114,2010-08-02,8,16,19,22,25,33,16
10115,2010-08-04,3,4,5,16,22,26,7
10116,2010-08-06,5,19,23,24,25,30,12
10117,2010-08-09,3,9,13,15,26,28,15
10118,2010-08-11,1,3,12,20,24,25,13
10119,2010-08-13,7,16,21,22,25,28,4
10120,2010-08-16,7,8,9,12,16,18,6
10121,2010-08-18,1,3,7,16,25,29,7
10122,2010-08-20,1,18,19,23,27,31,1
10123,2010-08-23,1,2,12,14,26,32,6
10124,2010-08-25,4,6,11,12,29,30,14
10125,2010-08-27,11,13,14,21,23,25,13
10126,2010-08-29,14,16,17,19,22,23,13
10127,2010-09-01,7,9,12,20,25,31,8
10128,2010-09-03,4,8,13,18,23,32,9
10129,2010-09-05,1,18,23,25,28,30,4
10130,2010-09-08,2,6,18,21,29,31,6
10131,2010-09-10,6,8,14,24,25,26,16
10132,2010-09-12,1,2,7,8,18,28,5
10133,2010-09-15,7,10,12,15,18,25,12
10134,2010-09-17,1,8,14,15,16,22,14
10135,2010-09-19,5,15,23,29,32,33,3
10136,2010-09-21,8,11,13,15,17,25,5
10137,2010-09-24,8,17,20,21,22,24,8
10138,2010-09-26,8,19,20,21,22,31,2
10139,2010-09-28,1,3,8,14,27,32,3
10140,2010-10-01,2,7,16,19,32,33,16
10141,2010-10-03,13,17,24,27,28,31,15
10142,2010-10-05,5,16,22,28,29,32,1
10143,2010-10-08,15,19,23,25,30,33,1
10144,2010-10-10,10,14,15,19,26,30,5
10145,2010-10-12,4,10,15,25,27,30,13
10146,2010-10-14,7,10,13,14,18,30,5
10147,2010-10-17,1,6,8,13,16,19,9
10148,2010-10-19,6,9,16,24,29,32,9
10149,2010-10-21,4,14,19,22,23,27,1
10150,2010-10-24,2,4,11,15,22,33,5
10151,2010-10-26,2,8,18,20,27,31,15
10152,2010-10-28,8,9,15,20,25,27,1
10153,2010-10-31,5,10,14,18,19,28,1
10154,2010-11-02,7,13,16,19,20,29,4
11001,2010-11-04,7,17,21,23,25,33,4
11002,2010-11-06,1,8,14,24,27,32,4
11003,2010-11-09,20,22,28,29,30,32,9
11004,2010-11-11,5,12,13,18,19,28,5
11005,2010-11-13,8,9,15,29,30,31,8
11006,2010-11-16,3,5,13,16,19,30,9
11007,2010-11-18,14,18,19,24,25,27,6
11008,2010-11-20,6,7,20,24,27,31,12
11009,2010-11-23,14,16,18,19,22,28,5
11010,2010-11-25,6,8,11,16,22,23,9
11011,2010-11-27,13,14,21,22,25,31,5
11012,2010-11-29,4,19,21,22,30,33,1
11013,2010-12-02,8,15,16,18,20,33,7
11014,2010-12-04,1,5,6,13,19,30,3
11015,2010-12-06,2,3,8,21,25,27,8
11016,2010-12-09,9,11,16,19,21,33,13
11017,2010-12-11,11,13,14,16,18,27,3
11018,2010-12-13,3,4,17,23,32,33,4
11019,2010-12-16,11,20,21,26,27,32,12
11020,2010-12-18,5,10,11,12,20,33,9
11021,2010-12-20,5,10,17,22,23,30,3
11022,2010-12-22,8,9,10,13,15,28,7
11023,2010-12-25,1,14,18,25,29,31,5
11024,2010-12-27,2,3,4,12,15,17,7
11025,2010-12-29,13,20,23,26,28,31,10
11026,2011-01-01,10,14,17,28,31,32,4
11027,2011-01-03,4,7,14,15,24,26,13
11028,2011-01-05,1,9,14,26,27,33,7
11029,2011-01-08,10,21,22,26,28,30,14
11030,2011-01-10,3,6,18,22,23,27,11
11031,2011-01-12,2,4,6,18,32,33,16
11032,2011-01-14,3,6,15,19,25,33,10
11033,2011-01-17,6,14,18,19,30,33,2
11034,2011-01-19,3,9,15,17,26,32,15
11035,2011-01-21,2,11,12,26,28,31,9
11036,2011-01-24,10,16,18,25,26,31,11
11037,2011-01-26,3,5,23,25,27,31,11
11038,2011-01-28,2,10,13,22,27,33,16
11039,2011-01-31,6,7,16,27,31,32,8
11040,2011-02-02,1,5,14,21,28,33,3
11041,2011-02-04,12,13,14,17,18,25,13
11042,2011-02-06,4,11,12,14,27,33,15
11043,2011-02-09,2,13,17,20,30,32,12
11044,2011-02-11,3,7,12,20,23,27,6
11045,2011-02-13,7,18,22,23,24,33,4
11046,2011-02-16,10,16,20,24,32,33,16
11047,2011-02-18,2,3,4,7,17,18,3
11048,2011-02-20,4,8,14,17,19,26,4
11049,2011-02-23,1,6,18,19,25,30,11
11050,2011-02-25,3,12,19,22,28,31,8
11051,2011-02-27,4,6,15,17,19,24,8
11052,2011-03-01,17,18,20,22,32,33,7
11053,2011-03-04,4,5,6,10,18,32,16
11054,2011-03-06,3,10,22,26,30,32,16
11055,2011-03-08,5,8,15,17,20,23,13
11056,2011-03-11,10,11,15,25,27,31,14
11057,2011-03-13,1,7,19,30,31,32,5
11058,2011-03-15,1,6,15,23,28,33,5
11059,2011-03-18,4,5,6,14,17,24,12
11060,2011-03-20,1,3,10,19,27,33,13
11061,2011-03-22,1,7,10,12,15,26,10
11062,2011-03-24,1,5,6,10,11,32,8
11063,2011-03-27,13,14,21,27,29,31,10
11064,2011-03-29,18,19,21,28,30,32,2
11065,2011-03-31,1,4,10,13,18,30,3
11066,2011-04-03,10,13,17,26,27,28,8
11067,2011-04-05,2,5,18,19,21,31,6
11068,2011-04-07,5,9,11,23,24,25,11
11069,2011-04-10,10,14,24,25,32,33,15
11070,2011-04-12,6,7,13,16,19,23,6
11071,2011-04-14,3,11,19,29,30,32,3
11072,2011-04-16,3,4,14,15,20,32,11
11073,2011-04-19,5,8,9,20,23,25,13
11074,2011-04-21,2,5,9,14,19,22,10
11075,2011-04-23,5,8,10,11,23,30,7
11076,2011-04-26,5,9,11,18,20,29,3
11077,2011-04-28,1,2,15,19,20,30,4
11078,2011-04-30,3,7,8,10,11,17,7
11079,2011-05-03,10,12,14,27,32,33,2
11080,2011-05-05,2,7,8,18,21,25,9
11081,2011-05-07,7,19,21,24,27,32,9
11082,2011-05-09,5,6,7,14,19,25,8
11083,2011-05-12,1,2,10,15,25,30,8
11084,2011-05-14,1,8,17,18,23,27,9
11085,2011-05-16,12,17,21,23,24,33,5
11086,2011-05-19,2,11,13,26,31,33,2
11087,2011-05-21,4,5,21,24,26,31,4
11088,2011-05-23,3,5,9,20,21,23,11
11089,2011-05-26,14,17,18,24,27,33,9
11090,2011-05-28,7,14,17,24,25,33,10
11091,2011-05-30,1,6,7,13,21,32,6
11092,2011-06-01,2,5,20,21,27,33,2
11093,2011-06-04,1,3,8,10,20,33,13
11094,2011-06-06,2,7,10,17,19,21,12
11095,2011-06-08,8,14,23,24,26,30,15
11096,2011-06-11,6,13,15,17,23,32,14
11097,2011-06-13,11,18,19,23,28,29,13
11098,2011-06-15,4,5,8,9,15,21,5
11099,2011-06-18,2,9,14,24,25,33,11
11100,2011-06-20,5,8,11,18,19,24,8
11101,2011-06-22,1,14,15,16,21,30,15
11102,2011-06-24,3,16,20,24,29,33,12
11103,2011-06-27,7,8,12,23,28,33,11
11104,2011-06-29,6,9,10,19,27,28,4
11105,2011-07-01,1,2,9,29,32,33,14
11106,2011-07-04,2,8,16,22,23,30,9
11107,2011-07-06,2,9,12,13,18,25,14
11108,2011-07-08,9,11,12,25,26,31,15
11109,2011-07-11,7,8,14,18,24,32,11
11110,2011-07-13,6,11,13,14,19,28,7
11111,2011-07-15,2,3,13,19,24,25,13
11112,2011-07-17,5,8,10,11,16,20,10
11113,2011-07-20,5,14,16,19,22,27,12
11114,2011-07-22,8,9,11,13,24,33,7
11115,2011-07-24,11,18,21,30,32,33,16
11116,2011-07-27,3,9,14,16,22,30,16
11117,2011-07-29,4,11,14,16,24,25,11
11118,2011-07-31,1,6,7,12,16,20,11
11119,2011-08-03,2,9,15,22,30,32,16
11120,2011-08-05,21,26,27,28,32,33,3
11121,2011-08-07,2,4,6,7,9,33,10
11122,2011-08-09,4,6,24,25,26,28,7
11123,2011-08-12,7,11,12,18,19,32,13
11124,2011-08-14,1,2,5,9,24,33,16
11125,2011-08-16,7,12,19,23,26,30,4
11126,2011-08-19,1,19,28,31,32,33,11
11127,2011-08-21,5,8,12,14,18,27,16
11128,2011-08-23,14,15,16,17,32,33,5
11129,2011-08-26,2,19,20,21,28,31,7
11130,2011-08-28,1,5,8,10,26,32,16
11131,2011-08-30,16,19,21,22,24,25,12
11132,2011-09-01,2,6,8,13,18,31,6
11133,2011-09-04,9,12,22,26,30,32,11
11134,2011-09-06,3,5,9,16,25,26,14
11135,2011-09-08,4,7,9,21,29,32,10
11136,2011-09-11,2,9,11,12,15,25,11
11137,2011-09-13,6,10,19,22,23,28,3
11138,2011-09-15,1,7,12,16,20,33,4
11139,2011-09-18,11,19,25,29,32,33,9
11140,2011-09-20,4,9,10,18,22,32,3
11141,2011-09-22,5,12,15,19,20,27,16
11142,2011-09-24,2,7,8,19,20,25,5
11143,2011-09-27,6,12,16,20,23,33,9
11144,2011-09-29,2,14,15,17,22,28,13
11145,2011-10-01,2,9,15,22,25,27,16
11146,2011-10-04,2,6,11,14,23,30,2
11147,2011-10-06,1,5,6,14,23,25,9
11148,2011-10-08,3,6,19,20,30,32,2
11149,2011-10-11,8,14,24,25,27,31,14
11150,2011-10-13,18,22,23,26,27,30,5
11151,2011-10-15,1,6,8,17,27,29,16
11152,2011-10-17,8,14,16,19,26,32,16
11153,2011-10-20,2,14,17,21,29,31,11
11154,2011-10-22,15,20,24,26,29,32,5
12001,2011-10-24,5,7,8,11,19,25,1
12002,2011-10-27,1,6,11,24,25,32,11
12003,2011-10-29,3,8,14,25,27,30,10
12004,2011-10-31,7,9,10,15,17,27,8
12005,2011-11-03,2,14,19,22,24,31,14
12006,2011-11-05,12,13,18,25,31,33,15
12007,2011-11-07,4,10,12,13,23,32,10
12008,2011-11-09,4,10,18,24,25,32,7
12009,2011-11-12,4,9,18,26,28,33,16
12010,2011-11-14,5,6,21,24,25,28,1
12011,2011-11-16,2,3,8,14,23,24,10
12012,2011-11-19,11,12,15,27,30,32,11
12013,2011-11-21,7,8,19,20,25,26,9
12014,2011-11-23,8,18,20,27,31,32,8
12015,2011-11-26,5,6,8,10,13,24,14
12016,2011-11-28,6,13,14,18,25,33,1
12017,2011-11-30,2,4,14,15,21,31,2
12018,2011-12-02,9,14,15,18,21,29,7
12019,2011-12-05,7,8,11,12,25,28,16
12020,2011-12-07,15,21,23,26,30,32,6
12021,2011-12-09,4,7,12,15,17,18,11
12022,2011-12-12,1,2,13,16,17,32,5
12023,2011-12-14,13,19,23,25,28,32,16
12024,2011-12-16,3,5,11,17,22,28,4
12025,2011-12-19,3,5,13,15,23,31,9
12026,2011-12-21,7,8,19,20,22,26,16
12027,2011-12-23,3,11,19,28,29,31,11
12028,2011-12-25,2,4,8,10,15,17,15
12029,2011-12-28,10,18,19,25,31,32,12
12030,2011-12-30,1,7,15,25,27,31,14
12031,2012-01-01,4,8,9,18,22,26,11
12032,2012-01-04,1,13,17,21,23,27,7
12033,2012-01-06,6,11,23,26,27,31,4
12034,2012-01-08,2,13,16,21,24,32,15
12035,2012-01-11,1,7,10,12,22,24,12
12036,2012-01-13,13,18,27,28,29,32,1
12037,2012-01-15,1,7,12,25,27,30,3
12038,2012-01-17,3,6,9,13,15,17,1
12039,2012-01-20,1,8,13,30,31,32,14
12040,2012-01-22,6,9,15,21,22,23,3
12041,2012-01-24,8,10,11,18,23,26,2
12042,2012-01-27,2,7,9,16,19,30,8
12043,2012-01-29,2,4,14,23,27,32,14
12044,2012-01-31,2,10,18,21,28,29,11
12045,2012-02-03,2,8,10,20,24,29,6
12046,2012-02-05,5,13,15,21,24,31,15
12047,2012-02-07,4,6,19,22,25,32,7
12048,2012-02-09,2,15,20,24,28,33,1
12049,2012-02-12,4,9,13,14,17,23,6
12050,2012-02-14,6,15,18,21,29,32,10
12051,2012-02-16,5,7,9,15,23,25,6
12052,2012-02-19,2,8,13,15,16,24,11
12053,2012-02-21,5,16,20,21,22,33,11
12054,2012-02-23,4,11,14,15,23,29,2
12055,2012-02-26,4,5,13,25,30,31,3
12056,2012-02-28,11,13,17,18,24,27,9
12057,2012-03-01,4,6,15,16,26,28,2
12058,2012-03-03,5,9,15,16,21,25,14
12059,2012-03-06,3,7,8,12,17,33,2
12060,2012-03-08,5,10,11,13,14,23,1
12061,2012-03-10,2,9,15,18,26,30,11
12062,2012-03-13,1,2,8,15,21,25,3
12063,2012-03-15,5,9,12,21,27,30,10
12064,2012-03-17,5,6,7,21,28,32,5
12065,2012-03-20,4,16,22,24,29,32,11
12066,2012-03-22,2,3,8,12,25,28,13
12067,2012-03-24,7,9,10,18,21,33,5
12068,2012-03-26,2,3,6,7,15,21,7
12069,2012-03-29,1,4,14,20,21,33,2
12070,2012-03-31,8,11,12,18,29,33,16
12071,2012-04-02,8,10,14,18,23,33,3
12072,2012-04-05,2,18,20,23,25,26,9
12073,2012-04-07,1,2,12,13,19,22,16
12074,2012-04-09,6,12,13,16,20,33,6
12075,2012-04-12,1,7,12,20,23,33,10
12076,2012-04-14,5,17,19,28,29,33,13
12077,2012-04-16,7,14,17,18,25,28,7
12078,2012-04-18,4,5,23,24,27,31,14
12079,2012-04-21,2,16,23,25,27,30,10
12080,2012-04-23,1,5,14,16,17,33,1
12081,2012-04-25,1,6,10,14,23,31,7
12082,2012-04-28,5,7,24,26,31,32,9
12083,2012-04-30,16,17,21,22,23,26,14
12084,2012-05-02,4,5,10,16,22,32,3
12085,2012-05-05,11,18,19,23,30,32,3
12086,2012-05-07,3,6,12,18,26,31,14
12087,2012-05-09,3,8,15,16,17,32,7
12088,2012-05-11,2,3,14,16,17,20,8
12089,2012-05-14,2,8,10,21,22,27,8
12090,2012-05-16,3,4,19,22,30,32,3
12091,2012-05-18,18,24,25,27,29,33,7
12092,2012-05-21,1,2,4,14,15,32,16
12093,2012-05-23,12,17,18,19,25,29,11
12094,2012-05-25,1,11,18,24,26,29,16
12095,2012-05-28,6,8,12,15,19,24,14
12096,2012-05-30,2,4,6,21,23,26,13
12097,2012-06-01,9,10,18,19,24,25,1
12098,2012-06-03,17,22,23,24,26,30,1
12099,2012-06-06,6,8,10,15,21,23,6
12100,2012-06-08,2,3,11,16,20,29,8
12101,2012-06-10,7,11,13,23,24,30,12
12102,2012-06-13,9,10,25,26,28,32,1
12103,2012-06-15,11,14,18,19,20,29,16
12104,2012-06-17,3,5,8,19,28,29,4
12105,2012-06-20,4,12,13,14,20,24,2
12106,2012-06-22,7,23,25,26,30,33,1
12107,2012-06-24,1,3,17,18,31,33,7
12108,2012-06-26,9,15,20,29,31,32,6
12109,2012-06-29,6,19,23,24,28,33,6
12110,2012-07-01,5,6,16,22,24,25,1
12111,2012-07-03,1,2,9,18,22,30,5
12112,2012-07-06,1,2,7,10,19,31,7
12113,2012-07-08,5,11,18,20,26,27,2
12114,2012-07-10,2,6,22,28,32,33,14
12115,2012-07-13,9,13,18,23,27,31,1
12116,2012-07-15,6,13,16,18,30,33,3
12117,2012-07-17,9,11,12,16,19,22,4
12118,2012-07-19,2,14,18,19,25,31,11
12119,2012-07-22,2,7,14,24,25,31,8
12120,2012-07-24,1,2,14,16,17,26,3
12121,2012-07-26,1,2,16,20,26,30,1
12122,2012-07-29,2,7,23,29,30,33,14
12123,2012-07-31,5,7,9,17,20,31,16
12124,2012-08-02,4,5,8,17,29,32,11
12125,2012-08-05,7,8,10,17,21,22,16
12126,2012-08-07,13,17,18,23,24,26,15
12127,2012-08-09,9,16,18,23,26,33,10
12128,2012-08-11,1,3,7,9,24,26,16
12129,2012-08-14,3,4,9,12,25,32,16
12130,2012-08-16,7,16,20,21,22,25,15
12131,2012-08-18,1,2,5,17,31,33,12
12132,2012-08-21,13,14,22,30,31,32,14
12133,2012-08-23,8,13,21,22,23,27,13
12134,2012-08-25,2,11,15,18,27,29,12
12135,2012-08-28,3,10,27,29,30,31,12
12136,2012-08-30,10,12,15,18,19,24,6
12137,2012-09-01,4,6,18,25,29,32,10
12138,2012-09-03,1,17,24,25,30,33,8
12139,2012-09-06,8,10,12,14,18,33,15
12140,2012-09-08,1,9,16,20,22,27,12
12141,2012-09-10,3,6,7,15,17,22,5
12142,2012-09-13,1,2,6,14,25,26,3
12143,2012-09-15,5,12,14,17,20,26,15
12144,2012-09-17,12,14,15,17,21,32,5
12145,2012-09-20,3,8,14,24,25,27,12
12146,2012-09-22,1,16,21,26,30,31,1
12147,2012-09-24,2,12,14,22,25,27,7
12148,2012-09-26,1,14,18,24,26,31,5
12149,2012-09-29,3,6,11,15,17,33,13
12150,2012-10-01,13,15,21,24,32,33,13
12151,2012-10-03,1,2,5,16,18,19,12
12152,2012-10-06,9,12,17,18,21,26,14
12153,2012-10-08,4,5,21,22,27,30,13
12154,2012-10-10,2,9,10,18,23,24,11
13001,2012-10-13,1,10,12,29,31,33,2
13002,2012-10-15,8,11,14,23,30,33,6
13003,2012-10-17,3,5,10,11,16,23,9
13004,2012-10-19,1,7,9,23,32,33,1
13005,2012-10-22,8,13,16,17,19,23,1
13006,2012-10-24,4,5,7,15,29,30,7
13007,2012-10-26,5,6,9,21,26,29,6
13008,2012-10-29,8,9,14,18,25,27,8
13009,2012-10-31,2,8,11,14,16,29,6
13010,2012-11-02,1,9,18,21,31,32,13
13011,2012-11-05,7,10,20,25,29,30,10
13012,2012-11-07,1,8,9,11,14,33,10
13013,2012-11-09,3,4,14,17,22,30,16
13014,2012-11-11,1,10,20,22,26,32,14
13015,2012-11-14,2,7,10,14,26,28,13
13016,2012-11-16,2,13,16,24,32,33,7
13017,2012-11-18,7,8,16,17,23,28,4
13018,2012-11-21,5,11,17,22,27,29,16
13019,2012-11-23,8,12,15,19,29,33,4
13020,2012-11-25,3,5,8,16,19,25,13
13021,2012-11-28,6,19,20,21,23,32,1
13022,2012-11-30,1,3,11,19,27,31,5
13023,2012-12-02,8,22,26,30,32,33,9
13024,2012-12-04,7,8,10,18,21,29,12
13025,2012-12-07,4,5,6,7,15,19,16
13026,2012-12-09,5,6,9,18,24,27,7
13027,2012-12-11,9,13,15,16,27,31,4
13028,2012-12-14,5,7,8,13,21,31,13
13029,2012-12-16,2,10,18,27,28,29,10
13030,2012-12-18,10,13,14,25,29,30,2
13031,2012-12-21,1,2,3,25,27,28,7
13032,2012-12-23,9,10,15,21,25,30,15
13033,2012-12-25,7,19,25,28,31,33,1
13034,2012-12-27,3,6,19,22,26,30,2
13035,2012-12-30,2,3,15,18,29,31,16
13036,2013-01-01,1,6,23,25,29,32,13
13037,2013-01-03,1,7,13,27,28,30,3
13038,2013-01-06,12,16,18,22,26,32,10
13039,2013-01-08,3,5,8,15,20,29,1
13040,2013-01-10,2,4,11,13,15,31,9
13041,2013-01-13,5,8,11,25,29,33,15
13042,2013-01-15,1,7,9,18,19,26,13
13043,2013-01-17,11,14,18,21,24,33,2
13044,2013-01-19,6,13,18,21,25,29,8
13045,2013-01-22,3,7,11,18,22,24,15
13046,2013-01-24,14,19,20,22,24,33,5
13047,2013-01-26,2,5,7,10,17,20,14
13048,2013-01-29,4,5,6,9,11,30,1
13049,2013-01-31,8,10,12,14,15,16,8
13050,2013-02-02,4,9,12,16,22,23,12
13051,2013-02-05,6,8,10,15,19,20,3
13052,2013-02-07,1,2,5,16,18,28,8
13053,2013-02-09,8,13,21,25,26,29,9
13054,2013-02-11,1,5,6,19,30,31,12
13055,2013-02-14,10,16,23,25,30,33,13
13056,2013-02-16,9,18,19,26,28,29,13
13057,2013-02-18,3,16,18,23,26,32,6
13058,2013-02-21,11,12,17,23,26,33,3
13059,2013-02-23,4,7,11,24,26,28,5
13060,2013-02-25,1,12,15,17,28,30,14
13061,2013-02-28,2,8,16,20,23,28,11
13062,2013-03-02,2,3,13,28,32,33,13
13063,2013-03-04,5,8,10,14,17,18,1
13064,2013-03-06,6,8,21,23,30,33,2
13065,2013-03-09,3,4,12,20,30,32,7
13066,2013-03-11,3,6,7,22,27,31,6
13067,2013-03-13,4,11,13,16,20,24,14
13068,2013-03-16,2,10,18,21,23,24,16
13069,2013-03-18,4,10,19,20,21,28,9
13070,2013-03-20,1,6,11,20,26,33,13
13071,2013-03-23,3,17,19,22,26,29,14
13072,2013-03-25,3,4,12,13,20,31,15
13073,2013-03-27,5,13,17,20,24,30,13
13074,2013-03-29,4,11,15,23,26,28,16
13075,2013-04-01,4,10,13,23,30,31,5
13076,2013-04-03,7,9,11,17,18,19,15
13077,2013-04-05,2,5,18,23,25,31,11
13078,2013-04-08,1,17,24,30,32,33,15
13079,2013-04-10,2,5,17,21,24,30,2
13080,2013-04-12,1,4,11,16,25,29,3
13081,2013-04-15,7,17,19,28,29,31,2
13082,2013-04-17,2,10,11,25,26,28,15
13083,2013-04-19,1,9,15,29,30,31,13
13084,2013-04-21,3,4,10,22,25,28,9
13085,2013-04-24,2,12,13,17,20,26,13
13086,2013-04-26,5,9,12,13,14,24,10
13087,2013-04-28,3,14,16,20,22,32,3
13088,2013-05-01,11,13,14,26,29,30,13
13089,2013-05-03,12,16,17,18,20,25,7
13090,2013-05-05,1,9,10,18,23,26,7
13091,2013-05-08,5,10,18,23,31,33,1
13092,2013-05-10,6,9,17,24,32,33,13
13093,2013-05-12,8,12,14,15,29,33,2
13094,2013-05-14,5,9,11,26,30,33,15
13095,2013-05-17,6,13,18,29,31,33,2
13096,2013-05-19,14,15,18,20,21,23,6
13097,2013-05-21,14,16,20,21,31,33,7
13098,2013-05-24,6,10,14,25,32,33,14
13099,2013-05-26,15,19,20,21,29,30,2
13100,2013-05-28,2,3,14,18,20,21,9
13101,2013-05-31,8,12,13,17,18,31,3
13102,2013-06-02,1,11,12,17,28,33,13
13103,2013-06-04,2,7,10,24,28,29,13
13104,2013-06-06,6,9,14,28,29,30,9
13105,2013-06-09,4,9,10,19,20,27,2
13106,2013-06-11,5,18,22,23,24,31,6
13107,2013-06-13,3,6,7,15,18,20,6
13108,2013-06-16,7,9,11,14,16,17,4
13109,2013-06-18,10,13,17,24,28,33,6
13110,2013-06-20,5,6,14,17,22,32,3
13111,2013-06-23,4,14,17,24,26,27,2
13112,2013-06-25,3,6,9,10,14,31,12
13113,2013-06-27,10,13,16,17,28,32,15
13114,2013-06-29,6,10,12,17,18,20,1
13115,2013-07-02,1,3,12,20,30,31,5
13116,2013-07-04,12,16,17,27,30,32,15
13117,2013-07-06,4,7,10,14,24,25,3
13118,2013-07-09,4,19,23,27,29,33,13
13119,2013-07-11,9,16,26,27,29,30,11
13120,2013-07-13,1,3,12,26,29,30,4
13121,2013-07-16,10,15,16,18,22,32,2
13122,2013-07-18,5,13,16,22,27,32,6
13123,2013-07-20,1,8,10,16,18,30,2
13124,2013-07-22,4,16,20,22,28,33,2
13125,2013-07-25,1,6,18,23,31,32,8
13126,2013-07-27,5,6,18,24,29,31,13
13127,2013-07-29,9,13,22,25,27,29,6
13128,2013-08-01,1,10,13,19,25,27,8
13129,2013-08-03,1,13,16,18,28,33,7
13130,2013-08-05,1,5,8,13,19,21,6
13131,2013-08-08,3,4,10,11,28,29,16
13132,2013-08-10,2,16,18,29,30,31,3
13133,2013-08-12,5,6,15,21,29,33,5
13134,2013-08-14,4,5,8,12,21,25,5
13135,2013-08-17,7,15,16,28,31,32,9
13136,2013-08-19,12,19,20,27,31,32,16
13137,2013-08-21,7,8,10,14,18,32,2
13138,2013-08-24,6,12,21,23,27,32,3
13139,2013-08-26,1,8,11,15,22,32,10
13140,2013-08-28,1,5,12,21,27,31,6
13141,2013-08-31,1,2,4,7,22,33,6
13142,2013-09-02,1,5,9,18,24,27,5
13143,2013-09-04,3,18,21,25,32,33,7
13144,2013-09-06,2,19,20,21,25,28,12
13145,2013-09-09,12,15,16,22,25,31,14
13146,2013-09-11,8,15,21,22,24,33,5
13147,2013-09-13,10,23,25,27,32,33,16
13148,2013-09-16,1,5,12,17,23,31,10
13149,2013-09-18,6,13,15,24,28,31,9
13150,2013-09-20,2,5,16,23,26,28,11
13151,2013-09-23,11,12,14,19,23,32,8
13152,2013-09-25,1,2,7,12,18,22,7
13153,2013-09-27,8,11,12,14,20,29,9
13154,2013-09-29,5,7,9,11,26,31,6
14001,2013-10-02,1,6,18,21,26,28,13
14002,2013-10-04,7,8,17,20,21,28,7
14003,2013-10-06,5,18,21,22,29,30,7
14004,2013-10-09,6,15,17,22,26,27,11
14005,2013-10-11,4,5,7,14,26,28,5
14006,2013-10-13,3,6,8,16,19,20,15
14007,2013-10-16,3,10,16,22,24,27,2
14008,2013-10-18,4,8,23,29,30,33,3
14009,2013-10-20,2,11,14,17,29,33,6
14010,2013-10-22,8,14,17,29,32,33,13
14011,2013-10-25,4,6,7,12,21,33,4
14012,2013-10-27,5,13,21,27,28,33,5
14013,2013-10-29,2,5,15,18,21,25,4
14014,2013-11-01,3,8,9,16,18,29,5
14015,2013-11-03,10,14,23,25,30,31,6
14016,2013-11-05,1,2,11,12,14,18,12
14017,2013-11-08,6,7,9,10,17,19,1
14018,2013-11-10,7,8,10,13,22,32,14
14019,2013-11-12,3,5,10,15,23,25,15
14020,2013-11-14,3,9,14,16,22,29,5
14021,2013-11-17,6,7,20,21,25,30,14
14022,2013-11-19,2,9,14,20,31,32,1
14023,2013-11-21,8,13,16,19,22,31,10
14024,2013-11-24,5,12,16,19,21,26,5
14025,2013-11-26,1,2,8,17,30,32,4
14026,2013-11-28,8,13,18,19,29,32,6
14027,2013-12-01,2,6,9,10,13,31,15
14028,2013-12-03,4,9,16,23,25,30,11
14029,2013-12-05,6,12,13,20,26,33,13
14030,2013-12-07,7,15,18,21,22,26,9
14031,2013-12-10,3,4,14,18,28,29,10
14032,2013-12-12,5,7,10,18,25,30,15
14033,2013-12-14,14,15,22,30,32,33,14
14034,2013-12-17,14,18,20,21,29,33,14
14035,2013-12-19,4,5,7,14,19,25,1
14036,2013-12-21,1,3,9,10,21,30,2
14037,2013-12-24,2,9,12,13,18,27,1
14038,2013-12-26,2,8,15,27,28,32,15
14039,2013-12-28,1,2,4,14,20,29,14
14040,2013-12-30,3,6,9,11,27,31,1
14041,2014-01-02,5,18,21,23,27,30,7
14042,2014-01-04,2,10,18,24,28,30,10
14043,2014-01-06,6,8,23,25,27,28,14
14044,2014-01-09,5,7,11,22,24,33,11
14045,2014-01-11,3,5,7,11,26,27,2
14046,2014-01-13,1,12,14,19,28,33,9
14047,2014-01-16,2,5,16,23,26,28,16
14048,2014-01-18,6,15,16,26,27,33,11
14049,2014-01-20,15,16,21,22,28,31,5
14050,2014-01-22,8,9,14,17,28,30,13
14051,2014-01-25,4,14,17,31,32,33,12
14052,2014-01-27,12,15,19,24,27,30,9
14053,2014-01-29,6,9,17,23,24,28,12
14054,2014-02-01,13,16,18,25,27,31,1
14055,2014-02-03,4,9,22,24,28,31,9
14056,2014-02-05,5,11,22,26,30,31,4
14057,2014-02-08,1,3,15,20,21,23,2
14058,2014-02-10,1,17,22,28,29,33,1
14059,2014-02-12,4,5,14,18,25,26,4
14060,2014-02-14,10,11,16,19,23,28,14
14061,2014-02-17,5,7,9,11,28,29,7
14062,2014-02-19,8,10,19,26,28,29,14
14063,2014-02-21,2,12,15,28,30,33,7
14064,2014-02-24,1,23,24,26,31,32,11
14065,2014-02-26,13,15,21,26,28,31,10
14066,2014-02-28,3,6,15,16,30,32,10
14067,2014-03-03,3,4,6,10,11,23,6
14068,2014-03-05,6,7,12,13,14,30,3
14069,2014-03-07,1,7,16,20,26,32,10
14070,2014-03-09,4,6,9,12,19,22,11
14071,2014-03-12,3,4,14,17,18,31,2
14072,2014-03-14,12,14,17,21,30,33,11
14073,2014-03-16,5,9,17,18,19,24,15
14074,2014-03-19,9,11,12,17,25,30,1
14075,2014-03-21,5,8,21,23,24,29,3
14076,2014-03-23,2,10,11,14,28,33,14
14077,2014-03-26,5,13,15,19,21,29,12
14078,2014-03-28,2,6,13,20,21,33,1
14079,2014-03-30,5,10,16,17,30,31,4
14080,2014-04-01,4,18,19,23,28,31,9
14081,2014-04-04,4,12,14,23,29,30,5
14082,2014-04-06,1,15,20,24,29,31,1
14083,2014-04-08,2,10,18,21,30,31,2
14084,2014-04-11,2,16,27,28,31,33,8
14085,2014-04-13,2,4,8,9,13,32,7
14086,2014-04-15,13,14,18,19,26,31,4
14087,2014-04-18,1,2,15,17,23,27,15
14088,2014-04-20,2,8,23,25,28,30,14
14089,2014-04-22,1,6,9,22,23,25,15
14090,2014-04-24,5,12,14,15,19,30,1
14091,2014-04-27,1,10,20,26,27,28,10
14092,2014-04-29,10,15,16,24,26,33,15
14093,2014-05-01,3,15,26,27,28,32,15
14094,2014-05-04,8,9,16,17,23,24,13
14095,2014-05-06,2,14,16,19,22,31,16
14096,2014-05-08,2,4,9,22,27,33,15
14097,2014-05-11,2,9,11,17,27,28,9
14098,2014-05-13,7,10,17,20,23,31,4
14099,2014-05-15,13,14,19,22,27,29,1
14100,2014-05-17,4,13,16,20,24,31,14
14101,2014-05-20,1,5,21,24,28,32,7
14102,2014-05-22,1,16,18,28,29,32,6
14103,2014-05-24,11,12,15,19,23,30,12
14104,2014-05-27,10,17,18,26,29,30,2
14105,2014-05-29,2,7,8,9,16,30,5
14106,2014-05-31,3,8,15,18,21,25,12
14107,2014-06-03,8,11,15,20,30,32,2
14108,2014-06-05,4,16,18,23,30,33,2
14109,2014-06-07,4,7,8,17,19,21,11
14110,2014-06-09,6,9,22,24,30,32,13
14111,2014-06-12,4,7,11,14,18,29,5
14112,2014-06-14,10,12,21,25,28,31,10
14113,2014-06-16,4,11,13,17,28,30,5
14114,2014-06-19,3,6,8,22,23,24,14
14115,2014-06-21,14,22,25,26,29,31,6
14116,2014-06-23,8,16,21,22,25,31,5
14117,2014-06-26,1,5,11,22,23,26,8
14118,2014-06-28,9,14,15,23,25,29,10
14119,2014-06-30,13,16,20,22,23,26,6
14120,2014-07-02,7,13,20,22,27,28,2
14121,2014-07-05,1,4,8,22,27,30,12
14122,2014-07-07,8,11,18,26,27,29,4
14123,2014-07-09,1,6,18,24,29,30,6
14124,2014-07-12,1,8,13,19,23,30,1
14125,2014-07-14,4,9,10,18,26,33,1
14126,2014-07-16,6,7,15,18,28,29,2
14127,2014-07-19,6,9,10,13,31,32,12
14128,2014-07-21,7,8,13,14,28,29,13
14129,2014-07-23,8,13,22,30,31,33,15
14130,2014-07-25,1,4,5,17,25,33,4
14131,2014-07-28,9,13,18,26,27,33,11
14132,2014-07-30,2,12,16,21,30,31,7
14133,2014-08-01,1,8,17,20,22,32,5
14134,2014-08-04,3,6,8,19,24,26,4
14135,2014-08-06,3,11,15,26,27,28,8
14136,2014-08-08,3,4,8,10,15,22,16
14137,2014-08-11,4,10,14,16,17,32,9
14138,2014-08-13,1,2,5,26,32,33,13
14139,2014-08-15,20,21,24,25,27,33,7
14140,2014-08-17,2,16,17,18,25,29,13
14141,2014-08-20,3,6,13,14,22,23,14
14142,2014-08-22,6,14,17,22,29,32,9
14143,2014-08-24,4,21,23,25,27,30,9
14144,2014-08-27,1,6,11,24,26,30,3
14145,2014-08-29,2,4,13,17,22,33,14
14146,2014-08-31,13,23,26,27,28,30,6
14147,2014-09-03,13,19,23,24,32,33,7
14148,2014-09-05,17,22,23,26,32,33,10
14149,2014-09-07,10,17,19,26,27,31,4
14150,2014-09-09,6,14,15,18,28,32,6
14151,2014-09-12,1,4,23,24,30,32,14
14152,2014-09-14,2,5,18,22,26,33,5
14153,2014-09-16,2,5,6,25,30,31,1
14154,2014-09-19,1,4,21,27,32,33,2
15001,2014-09-21,3,11,16,21,23,29,9
15002,2014-09-23,1,8,18,20,28,32,9
15003,2014-09-26,1,5,7,13,25,26,6
15004,2014-09-28,3,7,10,13,14,15,3
15005,2014-09-30,1,8,12,16,28,31,13
15006,2014-10-02,5,8,17,19,21,23,6
15007,2014-10-05,1,10,14,15,24,25,15
15008,2014-10-07,2,9,15,25,26,30,9
15009,2014-10-09,2,4,21,27,29,33,12
15010,2014-10-12,1,2,11,17,18,24,1
15011,2014-10-14,1,12,13,15,21,25,15
15012,2014-10-16,1,16,23,24,27,30,5
15013,2014-10-19,3,4,14,16,26,29,5
15014,2014-10-21,10,18,23,24,26,28,2
15015,2014-10-23,1,10,20,25,26,28,5
15016,2014-10-25,2,6,12,19,29,33,7
15017,2014-10-28,7,8,15,16,20,26,16
15018,2014-10-30,2,5,6,10,24,29,15
15019,2014-11-01,7,14,19,20,28,32,1
15020,2014-11-04,10,13,15,16,19,21,10
15021,2014-11-06,2,5,8,26,31,32,14
15022,2014-11-08,6,10,11,16,26,28,11
15023,2014-11-11,4,5,6,17,23,25,12
15024,2014-11-13,2,3,7,12,21,31,1
15025,2014-11-15,8,14,15,24,26,31,11
15026,2014-11-17,2,5,8,23,24,27,5
15027,2014-11-20,7,10,27,28,29,32,10
15028,2014-11-22,2,3,7,9,15,32,9
15029,2014-11-24,6,7,12,16,23,24,5
15030,2014-11-27,4,5,17,20,24,26,2
15031,2014-11-29,4,8,14,19,27,31,5
15032,2014-12-01,5,6,9,23,28,30,7
15033,2014-12-04,2,6,20,25,27,33,12
15034,2014-12-06,2,5,14,26,31,33,1
15035,2014-12-08,1,2,11,24,27,30,15
15036,2014-12-10,4,14,15,22,24,33,14
15037,2014-12-13,2,5,11,14,18,27,1
15038,2014-12-15,8,9,11,14,20,26,15
15039,2014-12-17,4,9,10,11,14,29,10
15040,2014-12-20,1,8,11,24,25,26,8
15041,2014-12-22,4,5,6,10,24,26,6
15042,2014-12-24,7,11,14,15,22,30,13
15043,2014-12-27,7,16,18,19,20,22,7
15044,2014-12-29,2,7,11,14,15,20,11
15045,2014-12-31,5,8,13,23,25,32,9
15046,2015-01-02,1,10,20,23,24,29,16
15047,2015-01-05,3,5,6,18,28,29,12
15048,2015-01-07,8,9,10,21,28,31,6
15049,2015-01-09,1,5,7,10,13,32,7
15050,2015-01-12,11,15,17,23,26,31,9
15051,2015-01-14,7,9,10,13,20,30,1
15052,2015-01-16,3,6,12,14,25,30,13
15053,2015-01-19,8,19,21,24,30,31,10
15054,2015-01-21,3,6,13,26,28,31,13
15055,2015-01-23,5,6,9,10,11,14,10
15056,2015-01-25,3,12,15,20,23,29,13
15057,2015-01-28,1,24,26,27,28,32,1
15058,2015-01-30,3,5,8,13,24,30,2
15059,2015-02-01,3,7,11,20,24,33,15
15060,2015-02-04,2,5,14,15,21,23,6
15061,2015-02-06,1,6,11,16,23,33,16
15062,2015-02-08,1,4,5,16,21,23,2
15063,2015-02-11,1,18,19,22,23,24,1
15064,2015-02-13,1,3,4,7,9,24,1
15065,2015-02-15,2,6,9,11,23,26,15
15066,2015-02-17,3,7,13,19,26,27,2
15067,2015-02-20,6,12,21,22,24,26,13
15068,2015-02-22,7,13,23,27,30,32,16
15069,2015-02-24,1,3,7,17,23,31,3
15070,2015-02-27,11,18,20,22,28,32,8
15071,2015-03-01,1,9,21,23,25,30,16
15072,2015-03-03,2,4,16,27,32,33,1
15073,2015-03-06,3,4,10,11,14,31,3
15074,2015-03-08,15,19,23,24,27,32,10
15075,2015-03-10,3,4,9,10,25,32,9
15076,2015-03-12,8,13,14,17,26,29,12
15077,2015-03-15,6,16,19,27,32,33,1
15078,2015-03-17,1,7,8,24,27,28,10
15079,2015-03-19,7,9,15,16,20,30,11
15080,2015-03-22,2,4,12,19,23,30,9
15081,2015-03-24,5,10,11,23,29,31,13
15082,2015-03-26,3,13,19,26,27,28,8
15083,2015-03-29,2,22,23,30,32,33,9
15084,2015-03-31,2,6,11,14,24,31,3
15085,2015-04-02,6,11,14,21,26,30,8
15086,2015-04-04,1,10,13,15,18,25,15
15087,2015-04-07,7,10,13,21,25,32,5
15088,2015-04-09,13,18,20,24,25,29,1
15089,2015-04-11,5,14,19,27,29,31,8
15090,2015-04-14,1,9,10,15,16,25,3
15091,2015-04-16,5,6,8,20,25,31,13
15092,2015-04-18,3,9,15,20,28,30,9
15093,2015-04-21,3,9,12,13,19,28,10
15094,2015-04-23,3,9,11,12,17,20,14
15095,2015-04-25,8,13,23,25,28,33,4
15096,2015-04-27,1,6,14,18,27,29,2
15097,2015-04-30,7,8,9,16,25,28,15
15098,2015-05-02,2,3,4,16,19,28,10
15099,2015-05-04,2,6,20,22,27,31,10
15100,2015-05-07,6,13,20,28,30,31,5
15101,2015-05-09,2,6,9,20,21,26,13
15102,2015-05-11,4,10,12,20,27,30,11
15103,2015-05-14,5,11,13,18,26,33,2
15104,2015-05-16,2,8,13,17,26,33,16
15105,2015-05-18,11,18,21,23,24,27,12
15106,2015-05-20,3,5,8,16,17,26,1
15107,2015-05-23,7,10,11,22,23,24,9
15108,2015-05-25,6,8,10,11,23,33,3
15109,2015-05-27,8,10,20,21,25,27,3
15110,2015-05-30,5,10,11,18,23,27,13
15111,2015-06-01,9,16,22,25,31,33,4
15112,2015-06-03,1,3,12,14,15,23,3
15113,2015-06-06,3,9,14,27,28,29,7
15114,2015-06-08,3,6,11,24,27,32,12
15115,2015-06-10,2,6,17,24,26,29,13
15116,2015-06-12,14,15,17,24,27,31,14
15117,2015-06-15,4,8,19,20,24,28,16
15118,2015-06-17,8,14,16,24,26,27,7
15119,2015-06-19,5,9,19,20,21,22,12
15120,2015-06-22,1,10,13,17,19,29,16
15121,2015-06-24,3,14,17,24,30,33,15
15122,2015-06-26,2,3,14,16,22,23,15
15123,2015-06-29,3,12,13,19,21,22,6
15124,2015-07-01,8,16,17,22,27,33,15
15125,2015-07-03,1,3,12,15,23,25,4
15126,2015-07-05,5,9,10,13,21,25,8
15127,2015-07-08,1,2,14,16,17,19,11
15128,2015-07-10,1,6,9,19,22,23,15
15129,2015-07-12,4,7,9,10,26,29,13
15130,2015-07-15,1,3,6,7,21,26,1
15131,2015-07-17,1,3,11,28,31,32,3
15132,2015-07-19,5,11,13,14,27,33,14
15133,2015-07-22,6,13,20,25,27,29,7
15134,2015-07-24,2,6,16,19,26,31,2
15135,2015-07-26,1,4,15,17,25,26,2
15136,2015-07-28,3,5,11,18,24,28,13
15137,2015-07-31,8,18,20,25,26,32,11
15138,2015-08-02,6,9,10,11,25,27,14
15139,2015-08-04,6,7,9,20,27,32,11
15140,2015-08-07,8,12,25,26,28,33,2
15141,2015-08-09,9,17,22,26,30,33,13
15142,2015-08-11,1,4,5,8,24,28,13
15143,2015-08-14,1,3,8,11,17,29,2
15144,2015-08-16,19,21,23,25,26,28,15
15145,2015-08-18,5,15,23,25,27,32,12
15146,2015-08-20,11,12,13,18,22,24,6
15147,2015-08-23,1,5,18,22,29,30,12
15148,2015-08-25,11,23,25,29,30,31,1
15149,2015-08-27,12,15,16,19,20,23,14
15150,2015-08-30,1,2,3,7,27,28,12
15151,2015-09-01,8,11,28,29,32,33,2
15152,2015-09-03,7,14,16,17,24,33,14
